,episode,reward,epochs,epsilon,abs_size,rate,success
0,1,87.2895266424166,200,0.9,4,0.0,False
1,2,91.82293794001453,200,0.81,4,0.0,False
2,3,-108.25935654102068,200,0.7290000000000001,4,0.0,False
3,4,169.13821353227831,200,0.6561000000000001,4,0.0,False
4,5,199.63815992232412,200,0.5904900000000002,4,0.0,False
5,6,48.22163692006143,200,0.5314410000000002,4,0.0,False
6,7,12.384237608057447,200,0.47829690000000014,4,0.0,False
7,8,-40.38477277717902,200,0.43046721000000016,4,0.0,False
8,9,178.46800639817957,200,0.38742048900000015,4,0.0,False
9,10,-65.08142034868456,200,0.34867844010000015,4,0.0,False
10,11,1279.9064083741978,153,0.31381059609000017,4,0.091,True
11,12,1125.0067961841487,180,0.28242953648100017,4,0.167,True
12,13,68.60262255941052,200,0.25418658283290013,4,0.154,False
13,14,61.32918648290797,200,0.22876792454961012,4,0.143,False
14,15,1246.1206499519758,167,0.2058911320946491,4,0.2,True
15,16,1099.36656550318,89,0.1853020188851842,4,0.25,True
16,17,1078.2327723394264,99,0.16677181699666577,4,0.294,True
17,18,1079.1632823852997,99,0.1500946352969992,4,0.333,True
18,19,218.4632735894411,200,0.13508517176729928,4,0.316,False
19,20,1276.2760165298823,161,0.12157665459056936,4,0.35,True
20,21,1245.7416052592453,146,0.10941898913151243,4,0.381,True
21,22,1232.1362348437542,153,0.0984770902183612,4,0.409,True
22,23,1100.367412428488,89,0.08862938119652508,4,0.435,True
23,24,199.59527189130313,200,0.07976644307687257,4,0.417,False
24,25,1237.137810599641,153,0.07178979876918531,4,0.44,True
25,26,1077.6443382888392,99,0.06461081889226679,4,0.462,True
26,27,1274.21121527988,160,0.05814973700304011,4,0.481,True
27,28,1230.2717604223362,143,0.0523347633027361,4,0.5,True
28,29,1066.1860063793429,107,0.04710128697246249,4,0.517,True
29,30,1230.583006328423,153,0.042391158275216244,4,0.533,True
30,31,1067.5180402689148,106,0.03815204244769462,4,0.548,True
31,32,1102.4822655274766,88,0.03433683820292516,4,0.562,True
32,33,1250.654291595216,155,0.030903154382632643,4,0.576,True
33,34,1109.5365384696051,87,0.02781283894436938,4,0.588,True
34,35,1241.6094749684562,154,0.025031555049932444,4,0.6,True
35,36,1111.040778821247,87,0.0225283995449392,4,0.611,True
36,37,1274.4352928359294,160,0.020275559590445278,4,0.622,True
37,38,1229.0307094900054,153,0.01824800363140075,4,0.632,True
38,39,1234.2928586444468,153,0.016423203268260675,4,0.641,True
39,40,1078.1231322132517,99,0.014780882941434608,4,0.65,True
40,41,1276.2133246700978,161,0.013302794647291147,4,0.659,True
41,42,1240.2574101643695,154,0.011972515182562033,4,0.667,True
42,43,1242.7456250420364,154,0.01077526366430583,4,0.674,True
43,44,1035.0664322357625,136,0.009697737297875247,4,0.682,True
44,45,1286.7914639445953,167,0.009697737297875247,4,0.689,True
45,46,1232.6825500091654,153,0.009697737297875247,4,0.696,True
46,47,1098.739905557828,90,0.009697737297875247,4,0.702,True
47,48,1073.7160553634785,102,0.009697737297875247,4,0.708,True
48,49,1287.4296552126325,190,0.009697737297875247,4,0.714,True
49,50,1260.6028875066331,157,0.009697737297875247,4,0.72,True
50,51,1240.6486096041335,154,0.009697737297875247,4,0.725,True
51,52,1291.8755353541928,171,0.009697737297875247,4,0.731,True
52,53,1257.605682938738,156,0.009697737297875247,4,0.736,True
53,54,1113.2047872676048,86,0.009697737297875247,4,0.741,True
54,55,1222.1365969650606,151,0.009697737297875247,4,0.745,True
55,56,1271.1716704232385,159,0.009697737297875247,4,0.75,True
56,57,1269.8662176744547,159,0.009697737297875247,4,0.754,True
57,58,1276.2236281944206,161,0.009697737297875247,4,0.759,True
58,59,1090.5460065563675,93,0.009697737297875247,4,0.763,True
59,60,1257.2964380483609,156,0.009697737297875247,4,0.767,True
60,61,1233.0020657264395,153,0.009697737297875247,4,0.77,True
61,62,1291.8682683348889,170,0.009697737297875247,4,0.774,True
62,63,1239.174224910923,154,0.009697737297875247,4,0.778,True
63,64,1275.9280777920503,161,0.009697737297875247,4,0.781,True
64,65,1274.037785164197,160,0.009697737297875247,4,0.785,True
65,66,1108.4410648131452,87,0.009697737297875247,4,0.788,True
66,67,1248.9181864767452,155,0.009697737297875247,4,0.791,True
67,68,1079.7903725522046,98,0.009697737297875247,4,0.794,True
68,69,1260.8112987434142,157,0.009697737297875247,4,0.797,True
69,70,1095.1794334012084,91,0.009697737297875247,4,0.8,True
70,71,1262.823553211405,157,0.009697737297875247,4,0.803,True
71,72,1237.0084578932147,153,0.009697737297875247,4,0.806,True
72,73,1284.4379097140627,164,0.009697737297875247,4,0.808,True
73,74,1246.4637198273267,154,0.009697737297875247,4,0.811,True
74,75,1278.0241074681398,162,0.009697737297875247,4,0.813,True
75,76,1106.5730475457385,87,0.009697737297875247,4,0.816,True
76,77,1233.4735521363182,153,0.009697737297875247,4,0.818,True
77,78,1090.822050959454,92,0.009697737297875247,4,0.821,True
78,79,1273.6821181864943,160,0.009697737297875247,4,0.823,True
79,80,1081.1638140164432,98,0.009697737297875247,4,0.825,True
80,81,1248.4610314423626,155,0.009697737297875247,4,0.827,True
81,82,1103.9128479630454,88,0.009697737297875247,4,0.829,True
82,83,1245.5626642373973,154,0.009697737297875247,4,0.831,True
83,84,1083.9575573740876,96,0.009697737297875247,4,0.833,True
84,85,1228.2398565132535,153,0.009697737297875247,4,0.835,True
85,86,1252.4544634602498,155,0.009697737297875247,4,0.837,True
86,87,1240.991896323132,154,0.009697737297875247,4,0.839,True
87,88,1111.2093084688822,87,0.009697737297875247,4,0.841,True
88,89,1287.426130911932,190,0.009697737297875247,4,0.843,True
89,90,1234.8675209552748,153,0.009697737297875247,4,0.844,True
90,91,1234.8271984232706,153,0.009697737297875247,4,0.846,True
91,92,1226.8396226255609,152,0.009697737297875247,4,0.848,True
92,93,1068.204770310258,106,0.009697737297875247,4,0.849,True
93,94,1290.2612270777172,146,0.009697737297875247,4,0.851,True
94,95,1239.262381064029,154,0.009697737297875247,4,0.853,True
95,96,1091.9936228255974,92,0.009697737297875247,4,0.854,True
96,97,1102.7566009836737,88,0.009697737297875247,4,0.856,True
97,98,1035.2934528046171,136,0.009697737297875247,4,0.857,True
98,99,1286.997852896282,168,0.009697737297875247,4,0.859,True
99,100,1255.924858301587,156,0.009697737297875247,4,0.86,True
100,101,1249.05477950169,155,0.009697737297875247,4,0.861,True
101,102,1106.2082969307667,87,0.009697737297875247,4,0.863,True
102,103,1284.558545137872,164,0.009697737297875247,4,0.864,True
103,104,1090.581680844305,93,0.009697737297875247,4,0.865,True
104,105,1255.9386473151972,156,0.009697737297875247,4,0.867,True
105,106,1283.0953850784572,163,0.009697737297875247,4,0.868,True
106,107,1104.1727719270857,88,0.009697737297875247,4,0.869,True
107,108,1108.0424627937318,87,0.009697737297875247,4,0.87,True
108,109,1271.402005119482,159,0.009697737297875247,4,0.872,True
109,110,1107.073461871245,87,0.009697737297875247,4,0.873,True
110,111,1074.6003700469591,102,0.009697737297875247,4,0.874,True
111,112,1283.1670497102896,163,0.009697737297875247,4,0.875,True
112,113,1263.6574888388568,157,0.009697737297875247,4,0.876,True
113,114,1283.4518417651343,163,0.009697737297875247,4,0.877,True
114,115,1244.896336267877,154,0.009697737297875247,4,0.878,True
115,116,1286.3279067061376,166,0.009697737297875247,4,0.879,True
116,117,1221.626109476756,151,0.009697737297875247,4,0.88,True
117,118,1225.1608555008934,152,0.009697737297875247,4,0.881,True
118,119,1100.7813161534723,89,0.009697737297875247,4,0.882,True
119,120,1224.951928798895,152,0.009697737297875247,4,0.883,True
120,121,1263.0065505114035,157,0.009697737297875247,4,0.884,True
121,122,1230.7418252158168,153,0.009697737297875247,4,0.885,True
122,123,1291.6810392187617,185,0.009697737297875247,4,0.886,True
123,124,1071.0184376816615,104,0.009697737297875247,4,0.887,True
124,125,1283.267952112772,163,0.009697737297875247,4,0.888,True
125,126,1285.6425241144607,165,0.009697737297875247,4,0.889,True
126,127,1103.9736817411613,88,0.009697737297875247,4,0.89,True
127,128,1089.3009719509864,93,0.009697737297875247,4,0.891,True
128,129,1075.347698376936,101,0.009697737297875247,4,0.891,True
129,130,1249.7494786825846,155,0.009697737297875247,4,0.892,True
130,131,1087.3345825028373,94,0.009697737297875247,4,0.893,True
131,132,1241.461945817602,154,0.009697737297875247,4,0.894,True
132,133,1104.2785561464261,88,0.009697737297875247,4,0.895,True
133,134,1095.2854602853768,91,0.009697737297875247,4,0.896,True
134,135,1187.0484907834325,115,0.009697737297875247,4,0.896,True
135,136,1226.0566528298332,152,0.009697737297875247,4,0.897,True
136,137,1093.1089277004357,92,0.009697737297875247,4,0.898,True
137,138,1225.2403808121235,152,0.009697737297875247,4,0.899,True
138,139,1252.0660438117338,155,0.009697737297875247,4,0.899,True
139,140,1053.1388146111858,119,0.009697737297875247,4,0.9,True
140,141,1255.2981680109224,156,0.009697737297875247,4,0.901,True
141,142,1225.5545900456345,152,0.009697737297875247,4,0.901,True
142,143,1229.3563029008947,153,0.009697737297875247,4,0.902,True
143,144,1266.5507186327595,158,0.009697737297875247,4,0.903,True
144,145,1226.0665910984462,152,0.009697737297875247,4,0.903,True
145,146,1255.1831079275144,156,0.009697737297875247,4,0.904,True
146,147,1070.468224543467,104,0.009697737297875247,4,0.905,True
147,148,1223.7007227739914,152,0.009697737297875247,4,0.905,True
148,149,1262.4838078275789,157,0.009697737297875247,4,0.906,True
149,150,1293.484036513517,178,0.009697737297875247,4,0.907,True
150,151,1292.0122893063817,170,0.009697737297875247,4,0.907,True
151,152,1105.5572339989012,87,0.009697737297875247,4,0.908,True
152,153,1239.2080737059332,154,0.009697737297875247,4,0.908,True
153,154,1111.1831622960744,86,0.009697737297875247,4,0.909,True
154,155,1256.5367623671773,156,0.009697737297875247,4,0.91,True
155,156,1054.5816855459707,118,0.009697737297875247,4,0.91,True
156,157,1225.1456480475317,152,0.009697737297875247,4,0.911,True
157,158,1284.5306731153978,164,0.009697737297875247,4,0.911,True
158,159,1222.7997910260456,151,0.009697737297875247,4,0.912,True
159,160,1243.8008438991092,154,0.009697737297875247,4,0.912,True
160,161,1085.6587917080615,95,0.009697737297875247,4,0.913,True
161,162,1267.1024879767792,158,0.009697737297875247,4,0.914,True
162,163,1090.994900412974,92,0.009697737297875247,4,0.914,True
163,164,1222.8645241718425,151,0.009697737297875247,4,0.915,True
164,165,1284.6952249155147,164,0.009697737297875247,4,0.915,True
165,166,1108.1399007519067,87,0.009697737297875247,4,0.916,True
166,167,1267.9628478740633,147,0.009697737297875247,4,0.916,True
167,168,1089.1570431833388,93,0.009697737297875247,4,0.917,True
168,169,1074.5432234691398,102,0.009697737297875247,4,0.917,True
169,170,1108.4034984284372,87,0.009697737297875247,4,0.918,True
170,171,1063.3759937034629,110,0.009697737297875247,4,0.918,True
171,172,1222.4950238490123,151,0.009697737297875247,4,0.919,True
172,173,1081.0903282779036,98,0.009697737297875247,4,0.919,True
173,174,1062.647678528825,110,0.009697737297875247,4,0.92,True
174,175,1091.0124778614845,93,0.009697737297875247,4,0.92,True
175,176,1109.681969729776,87,0.009697737297875247,4,0.92,True
176,177,1111.1791708019737,87,0.009697737297875247,4,0.921,True
177,178,1242.1366256325855,154,0.009697737297875247,4,0.921,True
178,179,1234.4477675968374,153,0.009697737297875247,4,0.922,True
179,180,1091.163052549935,93,0.009697737297875247,4,0.922,True
180,181,1291.558297208947,168,0.009697737297875247,4,0.923,True
181,182,1250.7992946085287,155,0.009697737297875247,4,0.923,True
182,183,1109.0084693624376,87,0.009697737297875247,4,0.923,True
183,184,1085.5817112870282,95,0.009697737297875247,4,0.924,True
184,185,1263.345666305162,157,0.009697737297875247,4,0.924,True
185,186,1229.3239385641282,153,0.009697737297875247,4,0.925,True
186,187,1289.9332027923956,175,0.009697737297875247,4,0.925,True
187,188,1271.5739768233034,159,0.009697737297875247,4,0.926,True
188,189,1257.432982987957,156,0.009697737297875247,4,0.926,True
189,190,1106.0237090918818,87,0.009697737297875247,4,0.926,True
190,191,1225.4262280074945,152,0.009697737297875247,4,0.927,True
191,192,1270.5939960973337,159,0.009697737297875247,4,0.927,True
192,193,1291.8455224001082,171,0.009697737297875247,4,0.927,True
193,194,1079.1674265879265,98,0.009697737297875247,4,0.928,True
194,195,1048.9952811390394,123,0.009697737297875247,4,0.928,True
195,196,1111.4297686305363,87,0.009697737297875247,4,0.929,True
196,197,1266.1355898926267,158,0.009697737297875247,4,0.929,True
197,198,1102.2678129903506,89,0.009697737297875247,4,0.929,True
198,199,1102.0277147011366,89,0.009697737297875247,4,0.93,True
199,200,1103.5570563336369,88,0.009697737297875247,4,0.93,True
200,201,1248.7827773723402,155,0.009697737297875247,4,0.93,True
201,202,1098.8363312629517,90,0.009697737297875247,4,0.931,True
202,203,1286.2873287894763,166,0.009697737297875247,4,0.931,True
203,204,1279.5084252896122,163,0.009697737297875247,4,0.931,True
204,205,1251.2154027318466,155,0.009697737297875247,4,0.932,True
205,206,1099.3399935720954,89,0.009697737297875247,4,0.932,True
206,207,1266.5859011329012,158,0.009697737297875247,4,0.932,True
207,208,1105.4774108862039,88,0.009697737297875247,4,0.933,True
208,209,1232.1309358089347,153,0.009697737297875247,4,0.933,True
209,210,1105.3372411372839,88,0.009697737297875247,4,0.933,True
210,211,1096.4020513254218,91,0.009697737297875247,4,0.934,True
211,212,1087.6558233191026,94,0.009697737297875247,4,0.934,True
212,213,1273.114773246576,160,0.009697737297875247,4,0.934,True
213,214,1272.9622201180318,173,0.009697737297875247,4,0.935,True
214,215,1262.4665327629773,157,0.009697737297875247,4,0.935,True
215,216,1241.8433592195215,154,0.009697737297875247,4,0.935,True
216,217,1104.7932540614856,88,0.009697737297875247,4,0.935,True
217,218,1235.3605067223252,153,0.009697737297875247,4,0.936,True
218,219,1273.8528046549764,160,0.009697737297875247,4,0.936,True
219,220,1291.0727116702474,173,0.009697737297875247,4,0.936,True
220,221,1100.3096680627204,89,0.009697737297875247,4,0.937,True
221,222,1262.8623422029195,157,0.009697737297875247,4,0.937,True
222,223,1283.08590385376,163,0.009697737297875247,4,0.937,True
223,224,1260.6269512557847,157,0.009697737297875247,4,0.938,True
224,225,1107.8217831033398,87,0.009697737297875247,4,0.938,True
225,226,1095.1719183672685,91,0.009697737297875247,4,0.938,True
226,227,1222.60219043784,151,0.009697737297875247,4,0.938,True
227,228,1105.647852427559,87,0.009697737297875247,4,0.939,True
228,229,1261.193456539826,157,0.009697737297875247,4,0.939,True
229,230,1285.342192951779,167,0.009697737297875247,4,0.939,True
230,231,1096.8315610385034,90,0.009697737297875247,4,0.939,True
231,232,1243.1171450639085,154,0.009697737297875247,4,0.94,True
232,233,1087.3011604817584,94,0.009697737297875247,4,0.94,True
233,234,1080.555643323285,98,0.009697737297875247,4,0.94,True
234,235,1092.6081360263051,92,0.009697737297875247,4,0.94,True
235,236,1108.9116861425864,87,0.009697737297875247,4,0.941,True
236,237,91.69279039197136,200,0.009697737297875247,4,0.937,False
237,238,1098.2132417804096,90,0.009697737297875247,4,0.937,True
238,239,1110.519283001544,87,0.009697737297875247,4,0.937,True
239,240,1260.5689400534575,157,0.009697737297875247,4,0.938,True
240,241,1246.3373050165246,154,0.009697737297875247,4,0.938,True
241,242,1058.1604444484692,114,0.009697737297875247,4,0.938,True
242,243,1283.1288121723337,163,0.009697737297875247,4,0.938,True
243,244,1234.5392494579282,153,0.009697737297875247,4,0.939,True
244,245,1248.9653070334462,155,0.009697737297875247,4,0.939,True
245,246,1285.6369480533758,165,0.009697737297875247,4,0.939,True
246,247,1059.7405920135207,113,0.009697737297875247,4,0.939,True
247,248,1249.3961121254833,155,0.009697737297875247,4,0.94,True
248,249,1103.9272655117093,88,0.009697737297875247,4,0.94,True
249,250,1116.2861822906416,86,0.009697737297875247,4,0.94,True
250,251,1239.8239493303408,154,0.009697737297875247,4,0.94,True
251,252,1223.5409482230798,152,0.009697737297875247,4,0.94,True
252,253,1262.6488506064052,157,0.009697737297875247,4,0.941,True
253,254,1256.7499523126753,156,0.009697737297875247,4,0.941,True
254,255,1233.7144718560448,153,0.009697737297875247,4,0.941,True
255,256,1291.1863420720038,173,0.009697737297875247,4,0.941,True
256,257,1096.6566730129998,90,0.009697737297875247,4,0.942,True
257,258,1285.6218426473206,165,0.009697737297875247,4,0.942,True
258,259,1239.9276243587083,154,0.009697737297875247,4,0.942,True
259,260,1256.8091405020095,156,0.009697737297875247,4,0.942,True
260,261,1105.7729526680196,88,0.009697737297875247,4,0.943,True
261,262,1290.00968447997,175,0.009697737297875247,4,0.943,True
262,263,1237.084250635642,153,0.009697737297875247,4,0.943,True
263,264,1229.0584929120523,153,0.009697737297875247,4,0.943,True
264,265,1115.1530253648525,86,0.009697737297875247,4,0.943,True
265,266,1248.8146615659352,155,0.009697737297875247,4,0.944,True
266,267,1111.2029106012778,86,0.009697737297875247,4,0.944,True
267,268,1082.7784116429975,97,0.009697737297875247,4,0.944,True
268,269,1095.6987594335806,91,0.009697737297875247,4,0.944,True
269,270,1261.0503770903451,157,0.009697737297875247,4,0.944,True
270,271,1114.6188438410172,86,0.009697737297875247,4,0.945,True
271,272,1266.6133844504366,158,0.009697737297875247,4,0.945,True
272,273,1066.344762261695,108,0.009697737297875247,4,0.945,True
273,274,1097.6910681012087,90,0.009697737297875247,4,0.945,True
274,275,1108.8691939596074,87,0.009697737297875247,4,0.945,True
275,276,1263.2966708287713,157,0.009697737297875247,4,0.946,True
276,277,1276.646562270471,161,0.009697737297875247,4,0.946,True
277,278,1228.2126126205621,153,0.009697737297875247,4,0.946,True
278,279,1093.382581221871,92,0.009697737297875247,4,0.946,True
279,280,1055.9230823500548,116,0.009697737297875247,4,0.946,True
280,281,1067.2864863799477,107,0.009697737297875247,4,0.947,True
281,282,1257.361680351023,156,0.009697737297875247,4,0.947,True
282,283,1093.7835287093185,91,0.009697737297875247,4,0.947,True
283,284,1113.6741763248574,86,0.009697737297875247,4,0.947,True
284,285,1112.8843321587192,86,0.009697737297875247,4,0.947,True
285,286,1085.8349776450777,95,0.009697737297875247,4,0.948,True
286,287,1087.1512916339561,94,0.009697737297875247,4,0.948,True
287,288,1225.452675490782,152,0.009697737297875247,4,0.948,True
288,289,1067.5099065588438,106,0.009697737297875247,4,0.948,True
289,290,1096.2327201748267,90,0.009697737297875247,4,0.948,True
290,291,1286.7027023461415,167,0.009697737297875247,4,0.948,True
291,292,1269.5123016912403,159,0.009697737297875247,4,0.949,True
292,293,1078.962476652261,99,0.009697737297875247,4,0.949,True
293,294,1109.2626411395613,87,0.009697737297875247,4,0.949,True
294,295,1082.208534848818,97,0.009697737297875247,4,0.949,True
295,296,1243.3484619445808,154,0.009697737297875247,4,0.949,True
296,297,1285.1122414518923,192,0.009697737297875247,4,0.949,True
297,298,1244.140744033095,154,0.009697737297875247,4,0.95,True
298,299,1112.917843630421,86,0.009697737297875247,4,0.95,True
299,300,1290.291161635425,174,0.009697737297875247,4,0.95,True
300,301,1232.4741451452137,153,0.009697737297875247,4,0.95,True
301,302,1110.2745944345443,87,0.009697737297875247,4,0.95,True
302,303,1267.8343975734315,158,0.009697737297875247,4,0.95,True
303,304,1276.0983268285054,161,0.009697737297875247,4,0.951,True
304,305,1109.6074008878204,87,0.009697737297875247,4,0.951,True
305,306,1080.2382532290067,98,0.009697737297875247,4,0.951,True
306,307,1239.5462306899135,154,0.009697737297875247,4,0.951,True
307,308,1237.6206587618508,153,0.009697737297875247,4,0.951,True
308,309,1242.6938048700977,154,0.009697737297875247,4,0.951,True
309,310,1236.5770636203233,153,0.009697737297875247,4,0.952,True
310,311,1263.357055153523,157,0.009697737297875247,4,0.952,True
311,312,1290.2641116295126,181,0.009697737297875247,4,0.952,True
312,313,1087.1060371459462,95,0.009697737297875247,4,0.952,True
313,314,1251.3756512352265,155,0.009697737297875247,4,0.952,True
314,315,1266.699772762484,158,0.009697737297875247,4,0.952,True
315,316,1110.8637241778197,87,0.009697737297875247,4,0.953,True
316,317,1109.7847710513306,87,0.009697737297875247,4,0.953,True
317,318,1250.7255166966352,155,0.009697737297875247,4,0.953,True
318,319,1291.5535432314791,172,0.009697737297875247,4,0.953,True
319,320,1111.3875807807199,86,0.009697737297875247,4,0.953,True
320,321,1082.485322848428,97,0.009697737297875247,4,0.953,True
321,322,1113.459176538745,86,0.009697737297875247,4,0.953,True
322,323,1257.4825172650162,156,0.009697737297875247,4,0.954,True
323,324,1267.6743874362437,158,0.009697737297875247,4,0.954,True
324,325,1246.003532405186,154,0.009697737297875247,4,0.954,True
325,326,1099.7637687895913,89,0.009697737297875247,4,0.954,True
326,327,1237.683045419224,153,0.009697737297875247,4,0.954,True
327,328,1250.0224797543488,155,0.009697737297875247,4,0.954,True
328,329,1267.9851015600143,158,0.009697737297875247,4,0.954,True
329,330,1079.1748699844466,99,0.009697737297875247,4,0.955,True
330,331,1073.6793030644767,102,0.009697737297875247,4,0.955,True
331,332,1291.3737612260738,180,0.009697737297875247,4,0.955,True
332,333,1085.8790343833389,95,0.009697737297875247,4,0.955,True
333,334,1234.441772451144,153,0.009697737297875247,4,0.955,True
334,335,1078.7341677943477,99,0.009697737297875247,4,0.955,True
335,336,1270.8847114425153,159,0.009697737297875247,4,0.955,True
336,337,1273.1316393725283,160,0.009697737297875247,4,0.955,True
337,338,1284.507506806869,164,0.009697737297875247,4,0.956,True
338,339,1270.9954929845408,159,0.009697737297875247,4,0.956,True
339,340,1111.4601672962308,87,0.009697737297875247,4,0.956,True
340,341,1257.4055155407405,156,0.009697737297875247,4,0.956,True
341,342,1240.5859602526762,154,0.009697737297875247,4,0.956,True
342,343,1291.2157410131185,173,0.009697737297875247,4,0.956,True
343,344,1249.0485026014503,155,0.009697737297875247,4,0.956,True
344,345,1110.2859560393554,87,0.009697737297875247,4,0.957,True
345,346,1233.7813336006075,153,0.009697737297875247,4,0.957,True
346,347,1102.5959537971066,88,0.009697737297875247,4,0.957,True
347,348,1111.453312227095,86,0.009697737297875247,4,0.957,True
348,349,1246.6144173463108,154,0.009697737297875247,4,0.957,True
349,350,1111.259589634632,87,0.009697737297875247,4,0.957,True
350,351,1260.6114678562735,157,0.009697737297875247,4,0.957,True
351,352,1096.7453535019886,90,0.009697737297875247,4,0.957,True
352,353,1241.3974678040831,154,0.009697737297875247,4,0.958,True
353,354,1260.7458743751922,157,0.009697737297875247,4,0.958,True
354,355,1267.4217736588325,158,0.009697737297875247,4,0.958,True
355,356,1291.216729636013,180,0.009697737297875247,4,0.958,True
356,357,1079.6669299657224,98,0.009697737297875247,4,0.958,True
357,358,1232.1349998991063,153,0.009697737297875247,4,0.958,True
358,359,1273.0296558005793,160,0.009697737297875247,4,0.958,True
359,360,1090.8035227042856,92,0.009697737297875247,4,0.958,True
360,361,1104.4627270714846,88,0.009697737297875247,4,0.958,True
361,362,1108.0518815696123,87,0.009697737297875247,4,0.959,True
362,363,1088.2802569154883,94,0.009697737297875247,4,0.959,True
363,364,1067.5960062498634,107,0.009697737297875247,4,0.959,True
364,365,1227.8279830311458,153,0.009697737297875247,4,0.959,True
365,366,1270.0164985684678,159,0.009697737297875247,4,0.959,True
366,367,1262.229147978127,157,0.009697737297875247,4,0.959,True
367,368,1087.63091870863,94,0.009697737297875247,4,0.959,True
368,369,1235.9940287628415,153,0.009697737297875247,4,0.959,True
369,370,1273.7046188758686,160,0.009697737297875247,4,0.959,True
370,371,1223.0751063415455,151,0.009697737297875247,4,0.96,True
371,372,1265.878292860696,158,0.009697737297875247,4,0.96,True
372,373,1271.751553197275,159,0.009697737297875247,4,0.96,True
373,374,1073.8927233972609,102,0.009697737297875247,4,0.96,True
374,375,1266.00981755252,158,0.009697737297875247,4,0.96,True
375,376,1266.3049902366474,158,0.009697737297875247,4,0.96,True
376,377,1242.8704212505836,154,0.009697737297875247,4,0.96,True
377,378,1222.8351060820785,151,0.009697737297875247,4,0.96,True
378,379,1096.5520278564654,90,0.009697737297875247,4,0.96,True
379,380,1286.9533617833513,168,0.009697737297875247,4,0.961,True
380,381,1262.5760732390918,157,0.009697737297875247,4,0.961,True
381,382,1093.2847228283063,92,0.009697737297875247,4,0.961,True
382,383,1266.3488009427674,158,0.009697737297875247,4,0.961,True
383,384,1251.476875147724,155,0.009697737297875247,4,0.961,True
384,385,1291.6721354380606,172,0.009697737297875247,4,0.961,True
385,386,1226.0008892372061,152,0.009697737297875247,4,0.961,True
386,387,1271.2325256654294,159,0.009697737297875247,4,0.961,True
387,388,1224.861984805124,152,0.009697737297875247,4,0.961,True
388,389,1084.1376840206794,96,0.009697737297875247,4,0.961,True
389,390,1261.0088854138157,157,0.009697737297875247,4,0.962,True
390,391,1115.5114470637636,86,0.009697737297875247,4,0.962,True
391,392,1287.158613553389,190,0.009697737297875247,4,0.962,True
392,393,1084.7730153251905,96,0.009697737297875247,4,0.962,True
393,394,1239.7898872563674,154,0.009697737297875247,4,0.962,True
394,395,1221.6686270453465,151,0.009697737297875247,4,0.962,True
395,396,1109.8331067768086,87,0.009697737297875247,4,0.962,True
396,397,1091.5739850066602,93,0.009697737297875247,4,0.962,True
397,398,1095.8101715615485,90,0.009697737297875247,4,0.962,True
398,399,1077.6022913585184,99,0.009697737297875247,4,0.962,True
399,400,1058.9546493695816,114,0.009697737297875247,4,0.963,True
400,401,1257.7517228815123,156,0.009697737297875247,4,0.963,True
401,402,1284.6833691864158,164,0.009697737297875247,4,0.963,True
402,403,1242.6617231968266,154,0.009697737297875247,4,0.963,True
403,404,1276.2345136585645,161,0.009697737297875247,4,0.963,True
404,405,1256.3365063385572,156,0.009697737297875247,4,0.963,True
405,406,1114.5919723587576,86,0.009697737297875247,4,0.963,True
406,407,1230.8043757514024,153,0.009697737297875247,4,0.963,True
407,408,1072.2255613431553,103,0.009697737297875247,4,0.963,True
408,409,1251.7772495914833,155,0.009697737297875247,4,0.963,True
409,410,1091.3781597699272,93,0.009697737297875247,4,0.963,True
410,411,1291.7625479771523,169,0.009697737297875247,4,0.964,True
411,412,1224.647384280228,152,0.009697737297875247,4,0.964,True
412,413,1081.5698201410705,97,0.009697737297875247,4,0.964,True
413,414,1270.3178948971909,159,0.009697737297875247,4,0.964,True
414,415,1077.870095756749,100,0.009697737297875247,4,0.964,True
415,416,1240.67399285984,154,0.009697737297875247,4,0.964,True
416,417,1224.870784755989,152,0.009697737297875247,4,0.964,True
417,418,1251.2826915678452,155,0.009697737297875247,4,0.964,True
418,419,1224.8051537587562,152,0.009697737297875247,4,0.964,True
419,420,1286.0092665416305,168,0.009697737297875247,4,0.964,True
420,421,1262.7791334319627,157,0.009697737297875247,4,0.964,True
421,422,1284.490291739814,164,0.009697737297875247,4,0.964,True
422,423,1221.554159062407,151,0.009697737297875247,4,0.965,True
423,424,1225.154425099321,152,0.009697737297875247,4,0.965,True
424,425,1290.7406896324828,173,0.009697737297875247,4,0.965,True
425,426,1097.946157924831,90,0.009697737297875247,4,0.965,True
426,427,1089.0092154104495,93,0.009697737297875247,4,0.965,True
427,428,1248.8353976409417,146,0.009697737297875247,4,0.965,True
428,429,1291.7321940822112,180,0.009697737297875247,4,0.965,True
429,430,1272.9524972290765,160,0.009697737297875247,4,0.965,True
430,431,1233.50686247072,153,0.009697737297875247,4,0.965,True
431,432,1224.6522974451855,152,0.009697737297875247,4,0.965,True
432,433,1284.7369554908364,164,0.009697737297875247,4,0.965,True
433,434,1108.0587126286118,87,0.009697737297875247,4,0.965,True
434,435,1085.4477160961833,95,0.009697737297875247,4,0.966,True
435,436,1224.6493056342606,152,0.009697737297875247,4,0.966,True
436,437,1266.2699135987787,158,0.009697737297875247,4,0.966,True
437,438,1113.9588864293182,86,0.009697737297875247,4,0.966,True
438,439,1244.7100980773685,154,0.009697737297875247,4,0.966,True
439,440,1115.372501576203,86,0.009697737297875247,4,0.966,True
440,441,1284.592755058431,149,0.009697737297875247,4,0.966,True
441,442,1083.0867860574508,97,0.009697737297875247,4,0.966,True
442,443,1221.4164974499909,151,0.009697737297875247,4,0.966,True
443,444,1283.3446689233206,194,0.009697737297875247,4,0.966,True
444,445,1039.1300096101477,132,0.009697737297875247,4,0.966,True
445,446,1225.3724674748119,152,0.009697737297875247,4,0.966,True
446,447,1047.2148898533778,124,0.009697737297875247,4,0.966,True
447,448,1244.5636490540637,154,0.009697737297875247,4,0.967,True
448,449,1291.6392174627981,186,0.009697737297875247,4,0.967,True
449,450,1109.2129053301178,87,0.009697737297875247,4,0.967,True
450,451,1222.4844878312024,152,0.009697737297875247,4,0.967,True
451,452,1023.3553783067036,148,0.009697737297875247,4,0.967,True
452,453,1109.8886249616626,87,0.009697737297875247,4,0.967,True
453,454,1077.5390441658383,100,0.009697737297875247,4,0.967,True
454,455,1274.4898437809898,160,0.009697737297875247,4,0.967,True
455,456,1228.5004946121699,153,0.009697737297875247,4,0.967,True
456,457,1071.4316549786163,104,0.009697737297875247,4,0.967,True
457,458,1226.3201316617815,152,0.009697737297875247,4,0.967,True
458,459,1088.406063050963,94,0.009697737297875247,4,0.967,True
459,460,1071.1790030104312,104,0.009697737297875247,4,0.967,True
460,461,1091.5037198849022,93,0.009697737297875247,4,0.967,True
461,462,1291.894447424449,169,0.009697737297875247,4,0.968,True
462,463,1231.7988793060504,153,0.009697737297875247,4,0.968,True
463,464,1109.6560093520238,87,0.009697737297875247,4,0.968,True
464,465,1106.1541409261408,87,0.009697737297875247,4,0.968,True
465,466,1099.491989893373,90,0.009697737297875247,4,0.968,True
466,467,1283.2061792369932,163,0.009697737297875247,4,0.968,True
467,468,1285.6501616216847,165,0.009697737297875247,4,0.968,True
468,469,1249.5388357762713,155,0.009697737297875247,4,0.968,True
469,470,1101.9296312476508,89,0.009697737297875247,4,0.968,True
470,471,1098.807463876903,89,0.009697737297875247,4,0.968,True
471,472,234.50955105045068,200,0.009697737297875247,4,0.966,False
472,473,1098.5360719743185,90,0.009697737297875247,4,0.966,True
473,474,1252.536862066423,155,0.009697737297875247,4,0.966,True
474,475,1269.8484487338574,159,0.009697737297875247,4,0.966,True
475,476,1284.6808920051553,164,0.009697737297875247,4,0.966,True
476,477,1265.878735649283,158,0.009697737297875247,4,0.966,True
477,478,1236.2565757106931,153,0.009697737297875247,4,0.967,True
478,479,1114.323703747359,86,0.009697737297875247,4,0.967,True
479,480,1086.2519008226227,95,0.009697737297875247,4,0.967,True
480,481,1100.9079310145462,89,0.009697737297875247,4,0.967,True
481,482,1256.4673866366502,156,0.009697737297875247,4,0.967,True
482,483,1052.7814503301051,119,0.009697737297875247,4,0.967,True
483,484,1245.1846480237436,154,0.009697737297875247,4,0.967,True
484,485,1263.4596166846168,157,0.009697737297875247,4,0.967,True
485,486,1291.9928246194613,170,0.009697737297875247,4,0.967,True
486,487,1044.498887798749,127,0.009697737297875247,4,0.967,True
487,488,1291.6336503066123,171,0.009697737297875247,4,0.967,True
488,489,1086.551878400729,95,0.009697737297875247,4,0.967,True
489,490,1226.2480297113361,152,0.009697737297875247,4,0.967,True
490,491,1235.9015125057776,153,0.009697737297875247,4,0.967,True
491,492,1237.644594634592,153,0.009697737297875247,4,0.967,True
492,493,1271.6679888415383,159,0.009697737297875247,4,0.968,True
493,494,1286.3271450414322,166,0.009697737297875247,4,0.968,True
494,495,1088.8685806463473,93,0.009697737297875247,4,0.968,True
495,496,1234.0551085992483,153,0.009697737297875247,4,0.968,True
496,497,1281.6902208103456,162,0.009697737297875247,4,0.968,True
497,498,1269.6321688725147,159,0.009697737297875247,4,0.968,True
498,499,1286.3178565743146,166,0.009697737297875247,4,0.968,True
499,500,1068.95962078897,105,0.009697737297875247,4,0.968,True
500,501,1095.7430626405403,91,0.009697737297875247,4,0.97,True
501,502,1066.0287564780156,108,0.009697737297875247,4,0.972,True
502,503,1093.353586186422,91,0.009697737297875247,4,0.974,True
503,504,1294.6151604941406,176,0.009697737297875247,4,0.976,True
504,505,1237.0091404740815,153,0.009697737297875247,4,0.978,True
505,506,1053.9282593641547,118,0.009697737297875247,4,0.98,True
506,507,1106.209573290369,88,0.009697737297875247,4,0.982,True
507,508,1094.282008081209,91,0.009697737297875247,4,0.984,True
508,509,1084.5170359638869,95,0.009697737297875247,4,0.986,True
509,510,1045.2744946509483,126,0.009697737297875247,4,0.988,True
510,511,1222.7711735136827,152,0.009697737297875247,4,0.988,True
511,512,1105.8716584012145,87,0.009697737297875247,4,0.988,True
512,513,1091.4218519594287,93,0.009697737297875247,4,0.99,True
513,514,1291.5793490433134,171,0.009697737297875247,4,0.992,True
514,515,1250.3172861056519,155,0.009697737297875247,4,0.992,True
515,516,1255.7839438758674,156,0.009697737297875247,4,0.992,True
516,517,1255.935750984936,156,0.009697737297875247,4,0.992,True
517,518,1048.5375792138511,123,0.009697737297875247,4,0.992,True
518,519,1101.9328361061634,89,0.009697737297875247,4,0.994,True
519,520,1105.4695304178167,87,0.009697737297875247,4,0.994,True
520,521,1241.3743797921343,154,0.009697737297875247,4,0.994,True
521,522,1091.122204974643,93,0.009697737297875247,4,0.994,True
522,523,1270.4164680080721,159,0.009697737297875247,4,0.994,True
523,524,1273.1073594903282,160,0.009697737297875247,4,0.996,True
524,525,1096.0866108376067,90,0.009697737297875247,4,0.996,True
525,526,1232.3069820683013,153,0.009697737297875247,4,0.996,True
526,527,1091.3547136678826,92,0.009697737297875247,4,0.996,True
527,528,1086.3602285217494,95,0.009697737297875247,4,0.996,True
528,529,1108.832520775526,87,0.009697737297875247,4,0.996,True
529,530,1293.087414734735,178,0.009697737297875247,4,0.996,True
530,531,1252.2856502292561,155,0.009697737297875247,4,0.996,True
531,532,95.33497677184641,200,0.009697737297875247,4,0.994,False
532,533,1251.2630739490269,155,0.009697737297875247,4,0.994,True
533,534,1296.0527598964982,150,0.009697737297875247,4,0.994,True
534,535,1240.684079999366,154,0.009697737297875247,4,0.994,True
535,536,1270.821393585531,159,0.009697737297875247,4,0.994,True
536,537,1230.9871811880366,153,0.009697737297875247,4,0.994,True
537,538,1261.0403491516481,157,0.009697737297875247,4,0.994,True
538,539,1250.1871680645272,155,0.009697737297875247,4,0.994,True
539,540,1109.8828776869268,87,0.009697737297875247,4,0.994,True
540,541,1087.403898525401,94,0.009697737297875247,4,0.994,True
541,542,1086.12990396237,95,0.009697737297875247,4,0.994,True
542,543,1225.0354939922763,152,0.009697737297875247,4,0.994,True
543,544,1235.1034763211355,153,0.009697737297875247,4,0.994,True
544,545,331.65806650540617,200,0.009697737297875247,4,0.992,False
545,546,1262.1106429867214,157,0.009697737297875247,4,0.992,True
546,547,1239.1432475912752,154,0.009697737297875247,4,0.992,True
547,548,1244.9378880467266,154,0.009697737297875247,4,0.992,True
548,549,1049.6070067666587,122,0.009697737297875247,4,0.992,True
549,550,1107.3055497560417,87,0.009697737297875247,4,0.992,True
550,551,1226.2251823078477,152,0.009697737297875247,4,0.992,True
551,552,1290.879963069281,173,0.009697737297875247,4,0.992,True
552,553,1069.3962313031952,105,0.009697737297875247,4,0.992,True
553,554,1113.3285145048285,86,0.009697737297875247,4,0.992,True
554,555,1251.1710148225538,155,0.009697737297875247,4,0.992,True
555,556,1226.2426062108934,152,0.009697737297875247,4,0.992,True
556,557,1105.15805735928,87,0.009697737297875247,4,0.992,True
557,558,1074.645751807111,101,0.009697737297875247,4,0.992,True
558,559,1277.9409167793929,162,0.009697737297875247,4,0.992,True
559,560,1276.2013115402078,161,0.009697737297875247,4,0.992,True
560,561,1286.7636223196168,167,0.009697737297875247,4,0.992,True
561,562,1110.793876427546,87,0.009697737297875247,4,0.992,True
562,563,1068.0032429441053,106,0.009697737297875247,4,0.992,True
563,564,1102.6080759033794,88,0.009697737297875247,4,0.992,True
564,565,1100.1036795064574,89,0.009697737297875247,4,0.992,True
565,566,1060.5622745367,112,0.009697737297875247,4,0.992,True
566,567,1112.301714582136,86,0.009697737297875247,4,0.992,True
567,568,1233.303186539386,153,0.009697737297875247,4,0.992,True
568,569,1270.5930285055656,159,0.009697737297875247,4,0.992,True
569,570,1255.626388437231,156,0.009697737297875247,4,0.992,True
570,571,1231.7436123860243,153,0.009697737297875247,4,0.992,True
571,572,1252.7735727978288,155,0.009697737297875247,4,0.992,True
572,573,1064.2233020751446,109,0.009697737297875247,4,0.992,True
573,574,1232.1836514304305,153,0.009697737297875247,4,0.992,True
574,575,1076.327281761929,100,0.009697737297875247,4,0.992,True
575,576,1291.784695793176,171,0.009697737297875247,4,0.992,True
576,577,1236.6305962052575,153,0.009697737297875247,4,0.992,True
577,578,1290.6741029886252,174,0.009697737297875247,4,0.992,True
578,579,1223.0184392071037,151,0.009697737297875247,4,0.992,True
579,580,1233.6943301630963,153,0.009697737297875247,4,0.992,True
580,581,1262.8953933044104,157,0.009697737297875247,4,0.992,True
581,582,1283.1809785154182,163,0.009697737297875247,4,0.992,True
582,583,1262.7976362271002,157,0.009697737297875247,4,0.992,True
583,584,1085.292303576949,95,0.009697737297875247,4,0.992,True
584,585,1265.7549007948255,158,0.009697737297875247,4,0.992,True
585,586,1068.7871851762757,105,0.009697737297875247,4,0.992,True
586,587,1290.5667899170444,173,0.009697737297875247,4,0.992,True
587,588,1225.714269691729,152,0.009697737297875247,4,0.992,True
588,589,1284.6799070936977,164,0.009697737297875247,4,0.992,True
589,590,1081.2029620502726,98,0.009697737297875247,4,0.992,True
590,591,1094.8064754216466,91,0.009697737297875247,4,0.992,True
591,592,1092.2974142482271,92,0.009697737297875247,4,0.992,True
592,593,1093.3375871598255,92,0.009697737297875247,4,0.992,True
593,594,1064.269617398706,109,0.009697737297875247,4,0.992,True
594,595,1115.8815877168672,86,0.009697737297875247,4,0.992,True
595,596,1235.7559335778642,153,0.009697737297875247,4,0.992,True
596,597,1269.3788861054527,159,0.009697737297875247,4,0.992,True
597,598,1292.0330580901064,170,0.009697737297875247,4,0.992,True
598,599,1283.1009862299543,163,0.009697737297875247,4,0.992,True
599,600,1262.3369520993438,157,0.009697737297875247,4,0.992,True
600,601,1236.1392413622962,153,0.009697737297875247,4,0.992,True
601,602,1224.8422807323768,152,0.009697737297875247,4,0.992,True
602,603,1091.0342995468527,93,0.009697737297875247,4,0.992,True
603,604,1063.7156789835135,110,0.009697737297875247,4,0.992,True
604,605,1231.923114130448,153,0.009697737297875247,4,0.992,True
605,606,1108.2743106381386,87,0.009697737297875247,4,0.992,True
606,607,1227.9490734872961,153,0.009697737297875247,4,0.992,True
607,608,1115.4016577528091,86,0.009697737297875247,4,0.992,True
608,609,1092.9283271867316,92,0.009697737297875247,4,0.992,True
609,610,1233.8894124641665,153,0.009697737297875247,4,0.992,True
610,611,1102.9487526156008,88,0.009697737297875247,4,0.992,True
611,612,1250.3266750813928,155,0.009697737297875247,4,0.992,True
612,613,1251.8513727723039,155,0.009697737297875247,4,0.992,True
613,614,1111.1229162358213,87,0.009697737297875247,4,0.992,True
614,615,1229.261521639477,152,0.009697737297875247,4,0.992,True
615,616,1225.3953973084426,152,0.009697737297875247,4,0.992,True
616,617,1245.6579777832958,154,0.009697737297875247,4,0.992,True
617,618,1101.845160447294,89,0.009697737297875247,4,0.992,True
618,619,1291.7621321018087,170,0.009697737297875247,4,0.992,True
619,620,1102.173000404844,88,0.009697737297875247,4,0.992,True
620,621,1103.048346828553,88,0.009697737297875247,4,0.992,True
621,622,1285.5327655677102,165,0.009697737297875247,4,0.992,True
622,623,1230.7584535181813,153,0.009697737297875247,4,0.992,True
623,624,1226.8341406979052,152,0.009697737297875247,4,0.992,True
624,625,1110.9155161501258,86,0.009697737297875247,4,0.992,True
625,626,1113.0326939054066,86,0.009697737297875247,4,0.992,True
626,627,1110.5780597936828,87,0.009697737297875247,4,0.992,True
627,628,1295.2702703046962,175,0.009697737297875247,4,0.992,True
628,629,1239.5798785465304,154,0.009697737297875247,4,0.992,True
629,630,1222.96533293645,152,0.009697737297875247,4,0.992,True
630,631,1087.009901872836,94,0.009697737297875247,4,0.992,True
631,632,1225.2791622612895,152,0.009697737297875247,4,0.992,True
632,633,1284.5007717875997,164,0.009697737297875247,4,0.992,True
633,634,1256.0883924702648,156,0.009697737297875247,4,0.992,True
634,635,1266.4054004424252,158,0.009697737297875247,4,0.992,True
635,636,1069.017335572149,105,0.009697737297875247,4,0.992,True
636,637,1257.4000395968324,156,0.009697737297875247,4,0.992,True
637,638,1224.0779714346208,152,0.009697737297875247,4,0.992,True
638,639,1086.7140289776726,95,0.009697737297875247,4,0.992,True
639,640,1266.382621834753,158,0.009697737297875247,4,0.992,True
640,641,1251.602326229564,155,0.009697737297875247,4,0.992,True
641,642,1041.21100892307,130,0.009697737297875247,4,0.992,True
642,643,1267.096560574253,158,0.009697737297875247,4,0.992,True
643,644,1103.2722167636966,88,0.009697737297875247,4,0.992,True
644,645,1285.6206082374556,165,0.009697737297875247,4,0.992,True
645,646,1262.783721633372,157,0.009697737297875247,4,0.992,True
646,647,1291.0194982266403,173,0.009697737297875247,4,0.992,True
647,648,1098.5907855515834,90,0.009697737297875247,4,0.992,True
648,649,1108.4447585716262,87,0.009697737297875247,4,0.992,True
649,650,1231.3712567809926,153,0.009697737297875247,4,0.992,True
650,651,1080.3090249233064,98,0.009697737297875247,4,0.992,True
651,652,1285.5847908605356,165,0.009697737297875247,4,0.992,True
652,653,1096.2242613104172,91,0.009697737297875247,4,0.992,True
653,654,1285.6566075104056,165,0.009697737297875247,4,0.992,True
654,655,1078.012959198124,99,0.009697737297875247,4,0.992,True
655,656,1277.9518078765832,162,0.009697737297875247,4,0.992,True
656,657,1090.8127021455439,92,0.009697737297875247,4,0.992,True
657,658,1091.4634330676636,93,0.009697737297875247,4,0.992,True
658,659,1249.173558972776,155,0.009697737297875247,4,0.992,True
659,660,1283.374251234898,163,0.009697737297875247,4,0.992,True
660,661,1303.865698869049,151,0.009697737297875247,4,0.992,True
661,662,1267.796173723007,158,0.009697737297875247,4,0.992,True
662,663,1284.6290997932665,164,0.009697737297875247,4,0.992,True
663,664,1221.410475420771,151,0.009697737297875247,4,0.992,True
664,665,1110.2453286751042,87,0.009697737297875247,4,0.992,True
665,666,1245.3579657273367,154,0.009697737297875247,4,0.992,True
666,667,1237.4140230302582,153,0.009697737297875247,4,0.992,True
667,668,1221.8220768405445,151,0.009697737297875247,4,0.992,True
668,669,1067.344238561549,107,0.009697737297875247,4,0.992,True
669,670,1079.5898249963357,98,0.009697737297875247,4,0.992,True
670,671,1256.187824587978,156,0.009697737297875247,4,0.992,True
671,672,1273.8227213409264,160,0.009697737297875247,4,0.992,True
672,673,1291.8036768768216,170,0.009697737297875247,4,0.992,True
673,674,1111.96792826819,87,0.009697737297875247,4,0.992,True
674,675,1283.0421811459819,163,0.009697737297875247,4,0.992,True
675,676,1103.8829119085567,88,0.009697737297875247,4,0.992,True
676,677,1108.6947084310523,87,0.009697737297875247,4,0.992,True
677,678,1068.7954089958075,105,0.009697737297875247,4,0.992,True
678,679,1252.6040987613378,158,0.009697737297875247,4,0.992,True
679,680,1101.0377754200017,89,0.009697737297875247,4,0.992,True
680,681,1283.3943275373604,163,0.009697737297875247,4,0.992,True
681,682,1046.5226200690959,125,0.009697737297875247,4,0.992,True
682,683,1077.6966533796221,100,0.009697737297875247,4,0.992,True
683,684,1255.0955986916233,156,0.009697737297875247,4,0.992,True
684,685,1106.5511731911683,87,0.009697737297875247,4,0.992,True
685,686,1060.2859673274797,113,0.009697737297875247,4,0.992,True
686,687,1092.1808043876663,92,0.009697737297875247,4,0.992,True
687,688,1111.5545553585107,87,0.009697737297875247,4,0.992,True
688,689,1093.6906198470388,91,0.009697737297875247,4,0.992,True
689,690,1274.0740317469463,160,0.009697737297875247,4,0.992,True
690,691,1248.2396374555683,155,0.009697737297875247,4,0.992,True
691,692,1235.7415650582407,153,0.009697737297875247,4,0.992,True
692,693,1095.989117139252,91,0.009697737297875247,4,0.992,True
693,694,1071.7988760904045,103,0.009697737297875247,4,0.992,True
694,695,1221.8559382468356,151,0.009697737297875247,4,0.992,True
695,696,1095.659305070294,91,0.009697737297875247,4,0.992,True
696,697,1103.525358208106,88,0.009697737297875247,4,0.992,True
697,698,1230.4741792568602,153,0.009697737297875247,4,0.992,True
698,699,1243.215435679187,154,0.009697737297875247,4,0.992,True
699,700,1241.4782875485544,154,0.009697737297875247,4,0.992,True
700,701,1291.5638580938394,168,0.009697737297875247,4,0.992,True
701,702,1230.3065482507445,153,0.009697737297875247,4,0.992,True
702,703,1091.965570865781,92,0.009697737297875247,4,0.992,True
703,704,1112.8392853838159,86,0.009697737297875247,4,0.992,True
704,705,1105.7557578271953,87,0.009697737297875247,4,0.992,True
705,706,1246.3790818509297,154,0.009697737297875247,4,0.992,True
706,707,1091.7089021768188,92,0.009697737297875247,4,0.992,True
707,708,1068.1751347790123,106,0.009697737297875247,4,0.992,True
708,709,1104.4503200678155,88,0.009697737297875247,4,0.992,True
709,710,1115.3943280666135,86,0.009697737297875247,4,0.992,True
710,711,1285.6277528000064,165,0.009697737297875247,4,0.992,True
711,712,1105.2128552600043,88,0.009697737297875247,4,0.992,True
712,713,1274.1262729188893,160,0.009697737297875247,4,0.992,True
713,714,1241.63938268309,154,0.009697737297875247,4,0.992,True
714,715,1058.7997483705403,114,0.009697737297875247,4,0.992,True
715,716,1112.2883162088692,86,0.009697737297875247,4,0.992,True
716,717,1082.9796576253138,97,0.009697737297875247,4,0.992,True
717,718,1242.9554458888306,154,0.009697737297875247,4,0.992,True
718,719,1267.7875075176125,158,0.009697737297875247,4,0.992,True
719,720,1228.1585805846116,153,0.009697737297875247,4,0.992,True
720,721,1230.9123877287202,153,0.009697737297875247,4,0.992,True
721,722,1103.845755659393,88,0.009697737297875247,4,0.992,True
722,723,1226.520411446494,152,0.009697737297875247,4,0.992,True
723,724,1102.9093755084323,88,0.009697737297875247,4,0.992,True
724,725,1271.3901536730118,159,0.009697737297875247,4,0.992,True
725,726,1238.045302748149,153,0.009697737297875247,4,0.992,True
726,727,1075.4373141855467,101,0.009697737297875247,4,0.992,True
727,728,1285.568299233215,165,0.009697737297875247,4,0.992,True
728,729,1099.3355581958313,90,0.009697737297875247,4,0.992,True
729,730,1097.9681569049135,90,0.009697737297875247,4,0.992,True
730,731,1098.0326089730952,90,0.009697737297875247,4,0.992,True
731,732,1291.9164702598937,171,0.009697737297875247,4,0.992,True
732,733,1228.4515174839253,153,0.009697737297875247,4,0.992,True
733,734,1114.9565590725979,86,0.009697737297875247,4,0.992,True
734,735,1245.6345283075934,154,0.009697737297875247,4,0.992,True
735,736,1273.573606853839,160,0.009697737297875247,4,0.992,True
736,737,1109.365911870067,87,0.009697737297875247,4,0.994,True
737,738,1273.6453365036286,160,0.009697737297875247,4,0.994,True
738,739,1231.6164536074648,153,0.009697737297875247,4,0.994,True
739,740,1112.4365017109667,87,0.009697737297875247,4,0.994,True
740,741,1084.9007048844942,96,0.009697737297875247,4,0.994,True
741,742,1291.9168265645858,169,0.009697737297875247,4,0.994,True
742,743,1061.6068378249474,111,0.009697737297875247,4,0.994,True
743,744,1267.6017697325442,158,0.009697737297875247,4,0.994,True
744,745,1093.7433779379353,91,0.009697737297875247,4,0.994,True
745,746,1048.7172570429975,123,0.009697737297875247,4,0.994,True
746,747,1108.5975034221192,87,0.009697737297875247,4,0.994,True
747,748,1114.893356685061,86,0.009697737297875247,4,0.994,True
748,749,1266.151355839218,158,0.009697737297875247,4,0.994,True
749,750,1108.894201059651,87,0.009697737297875247,4,0.994,True
750,751,1237.7757540271414,153,0.009697737297875247,4,0.994,True
751,752,1243.8939337144548,154,0.009697737297875247,4,0.994,True
752,753,1082.0971103682532,97,0.009697737297875247,4,0.994,True
753,754,1098.78554717917,89,0.009697737297875247,4,0.994,True
754,755,1236.1760956453945,153,0.009697737297875247,4,0.994,True
755,756,1099.209854363231,90,0.009697737297875247,4,0.994,True
756,757,1020.0481208434212,151,0.009697737297875247,4,0.994,True
757,758,1196.5085544436006,159,0.009697737297875247,4,0.994,True
758,759,1102.8891351156635,88,0.009697737297875247,4,0.994,True
759,760,1079.372910761711,98,0.009697737297875247,4,0.994,True
760,761,1066.5967704682262,107,0.009697737297875247,4,0.994,True
761,762,1257.4353536695708,156,0.009697737297875247,4,0.994,True
762,763,1041.7075360114686,130,0.009697737297875247,4,0.994,True
763,764,1250.3801834399346,155,0.009697737297875247,4,0.994,True
764,765,1266.0004455865128,158,0.009697737297875247,4,0.994,True
765,766,1091.1141215516254,93,0.009697737297875247,4,0.994,True
766,767,1288.644780841758,183,0.009697737297875247,4,0.994,True
767,768,1092.6897787405178,92,0.009697737297875247,4,0.994,True
768,769,1066.4482523306506,107,0.009697737297875247,4,0.994,True
769,770,1251.0163670792244,155,0.009697737297875247,4,0.994,True
770,771,1291.858650110662,171,0.009697737297875247,4,0.994,True
771,772,1261.9325400677044,157,0.009697737297875247,4,0.994,True
772,773,1232.0505967880745,153,0.009697737297875247,4,0.994,True
773,774,1239.3930406588624,154,0.009697737297875247,4,0.994,True
774,775,1283.2463188383263,163,0.009697737297875247,4,0.994,True
775,776,1273.8755461051978,159,0.009697737297875247,4,0.994,True
776,777,1284.7022233557364,164,0.009697737297875247,4,0.994,True
777,778,1271.3856835050974,159,0.009697737297875247,4,0.994,True
778,779,1240.7765017188212,154,0.009697737297875247,4,0.994,True
779,780,1077.825904575322,99,0.009697737297875247,4,0.994,True
780,781,1290.1451095170341,181,0.009697737297875247,4,0.994,True
781,782,1257.3141762131127,156,0.009697737297875247,4,0.994,True
782,783,1069.698414163664,105,0.009697737297875247,4,0.994,True
783,784,1239.4626303549303,154,0.009697737297875247,4,0.994,True
784,785,1284.4868883553427,164,0.009697737297875247,4,0.994,True
785,786,1085.4036658189725,95,0.009697737297875247,4,0.994,True
786,787,1251.874627319281,155,0.009697737297875247,4,0.994,True
787,788,1094.1849140473641,91,0.009697737297875247,4,0.994,True
788,789,1286.3242683606222,166,0.009697737297875247,4,0.994,True
789,790,1102.2990601045312,88,0.009697737297875247,4,0.994,True
790,791,1241.5941477977613,154,0.009697737297875247,4,0.994,True
791,792,1111.597739374556,86,0.009697737297875247,4,0.994,True
792,793,1256.5969186415896,156,0.009697737297875247,4,0.994,True
793,794,1271.7056676034117,159,0.009697737297875247,4,0.994,True
794,795,1267.1074978461256,158,0.009697737297875247,4,0.994,True
795,796,1285.6577396505018,165,0.009697737297875247,4,0.994,True
796,797,1105.4771005054936,88,0.009697737297875247,4,0.994,True
797,798,1110.833012103889,87,0.009697737297875247,4,0.994,True
798,799,1114.8171096929582,86,0.009697737297875247,4,0.994,True
799,800,1098.0355419116095,90,0.009697737297875247,4,0.994,True
800,801,1237.0203843700874,153,0.009697737297875247,4,0.994,True
801,802,1236.0099216366943,153,0.009697737297875247,4,0.994,True
802,803,1094.5991604437586,91,0.009697737297875247,4,0.994,True
803,804,1273.8005131275859,160,0.009697737297875247,4,0.994,True
804,805,1081.2944551019464,97,0.009697737297875247,4,0.994,True
805,806,1087.4519067547517,94,0.009697737297875247,4,0.994,True
806,807,1267.8182422321406,158,0.009697737297875247,4,0.994,True
807,808,1256.7507655435475,156,0.009697737297875247,4,0.994,True
808,809,1267.8351399015519,158,0.009697737297875247,4,0.994,True
809,810,1234.618819407886,153,0.009697737297875247,4,0.994,True
810,811,1222.603774354322,152,0.009697737297875247,4,0.994,True
811,812,1096.6426019521896,91,0.009697737297875247,4,0.994,True
812,813,60.658919745219464,200,0.009697737297875247,4,0.992,False
813,814,1110.3631733065995,87,0.009697737297875247,4,0.992,True
814,815,1260.7032220590045,157,0.009697737297875247,4,0.992,True
815,816,1248.5311369769042,155,0.009697737297875247,4,0.992,True
816,817,1276.046743649058,161,0.009697737297875247,4,0.992,True
817,818,1270.5758208221523,159,0.009697737297875247,4,0.992,True
818,819,1244.7961448843416,154,0.009697737297875247,4,0.992,True
819,820,1239.2299458105044,154,0.009697737297875247,4,0.992,True
820,821,1284.5030257774051,164,0.009697737297875247,4,0.992,True
821,822,1106.0172153128078,87,0.009697737297875247,4,0.992,True
822,823,1285.634913931368,165,0.009697737297875247,4,0.992,True
823,824,1096.1556073650718,91,0.009697737297875247,4,0.992,True
824,825,1062.1075978784938,111,0.009697737297875247,4,0.992,True
825,826,1286.2475661385906,166,0.009697737297875247,4,0.992,True
826,827,1060.9775349774864,112,0.009697737297875247,4,0.992,True
827,828,1226.2210821736735,152,0.009697737297875247,4,0.992,True
828,829,1261.0625377781107,157,0.009697737297875247,4,0.992,True
829,830,1252.144063884858,155,0.009697737297875247,4,0.992,True
830,831,1228.6876086160628,153,0.009697737297875247,4,0.992,True
831,832,1111.0985485226265,87,0.009697737297875247,4,0.992,True
832,833,1250.2435178067535,155,0.009697737297875247,4,0.992,True
833,834,1105.7366433161078,87,0.009697737297875247,4,0.992,True
834,835,1286.327544960077,166,0.009697737297875247,4,0.992,True
835,836,1237.6283008914907,153,0.009697737297875247,4,0.992,True
836,837,1232.638567199363,153,0.009697737297875247,4,0.992,True
837,838,1270.7547258019913,159,0.009697737297875247,4,0.992,True
838,839,1234.5235333236342,153,0.009697737297875247,4,0.992,True
839,840,1093.7949566775933,91,0.009697737297875247,4,0.992,True
840,841,1104.383061860688,88,0.009697737297875247,4,0.992,True
841,842,1225.7200762129505,152,0.009697737297875247,4,0.992,True
842,843,1105.3543550748727,87,0.009697737297875247,4,0.992,True
843,844,1233.6279681353044,153,0.009697737297875247,4,0.992,True
844,845,1217.8182213128894,143,0.009697737297875247,4,0.992,True
845,846,1281.1507462243899,160,0.009697737297875247,4,0.992,True
846,847,1276.5625804726733,161,0.009697737297875247,4,0.992,True
847,848,1268.1564681871969,158,0.009697737297875247,4,0.992,True
848,849,1271.0748144470854,159,0.009697737297875247,4,0.992,True
849,850,1223.0582661043768,151,0.009697737297875247,4,0.992,True
850,851,1076.3201576923166,101,0.009697737297875247,4,0.992,True
851,852,1098.3988864012063,90,0.009697737297875247,4,0.992,True
852,853,1060.0735817667446,113,0.009697737297875247,4,0.992,True
853,854,1063.0310876859003,110,0.009697737297875247,4,0.992,True
854,855,1097.3751175347716,90,0.009697737297875247,4,0.992,True
855,856,1088.34212520672,94,0.009697737297875247,4,0.992,True
856,857,1082.9189121123636,96,0.009697737297875247,4,0.992,True
857,858,1111.1045425423654,87,0.009697737297875247,4,0.992,True
858,859,1291.9021339265164,169,0.009697737297875247,4,0.992,True
859,860,1152.9214931333045,190,0.009697737297875247,4,0.992,True
860,861,1251.8975391511922,155,0.009697737297875247,4,0.992,True
861,862,1098.9785865196027,90,0.009697737297875247,4,0.992,True
862,863,1284.2643671706464,164,0.009697737297875247,4,0.992,True
863,864,1269.824068236805,159,0.009697737297875247,4,0.992,True
864,865,1273.8787990350975,160,0.009697737297875247,4,0.992,True
865,866,1256.7300442536362,156,0.009697737297875247,4,0.992,True
866,867,1248.2332160169753,155,0.009697737297875247,4,0.992,True
867,868,1233.4788303266105,153,0.009697737297875247,4,0.992,True
868,869,1106.212826893432,88,0.009697737297875247,4,0.992,True
869,870,1269.90747852996,159,0.009697737297875247,4,0.992,True
870,871,1256.1978615794214,156,0.009697737297875247,4,0.992,True
871,872,1274.1819093815284,160,0.009697737297875247,4,0.992,True
872,873,1083.0960788601078,96,0.009697737297875247,4,0.992,True
873,874,1275.9712552468409,161,0.009697737297875247,4,0.992,True
874,875,1076.0325953020365,100,0.009697737297875247,4,0.992,True
875,876,1249.9690133169643,155,0.009697737297875247,4,0.992,True
876,877,1057.3834499983932,115,0.009697737297875247,4,0.992,True
877,878,1240.7470286415191,154,0.009697737297875247,4,0.992,True
878,879,1243.972543893935,154,0.009697737297875247,4,0.992,True
879,880,1257.0316397587885,156,0.009697737297875247,4,0.992,True
880,881,1265.9727648402331,158,0.009697737297875247,4,0.992,True
881,882,1267.0417102264473,158,0.009697737297875247,4,0.992,True
882,883,1228.7275310693512,153,0.009697737297875247,4,0.992,True
883,884,1099.2579346536659,90,0.009697737297875247,4,0.992,True
884,885,1047.3119448036887,124,0.009697737297875247,4,0.992,True
885,886,1291.8063823785633,171,0.009697737297875247,4,0.992,True
886,887,1284.2740286732005,164,0.009697737297875247,4,0.992,True
887,888,1079.731471819221,98,0.009697737297875247,4,0.992,True
888,889,1233.525319998851,153,0.009697737297875247,4,0.992,True
889,890,1276.7806021080469,161,0.009697737297875247,4,0.992,True
890,891,1249.3086422583438,155,0.009697737297875247,4,0.992,True
891,892,1285.5240170275792,165,0.009697737297875247,4,0.992,True
892,893,1262.0073264753446,157,0.009697737297875247,4,0.992,True
893,894,1274.3069237007294,160,0.009697737297875247,4,0.992,True
894,895,1115.7622157078004,86,0.009697737297875247,4,0.992,True
895,896,1228.7690948160598,153,0.009697737297875247,4,0.992,True
896,897,1228.152590974103,153,0.009697737297875247,4,0.992,True
897,898,1283.248734910274,163,0.009697737297875247,4,0.992,True
898,899,1094.8398784408346,91,0.009697737297875247,4,0.992,True
899,900,1073.2182869752469,102,0.009697737297875247,4,0.992,True
900,901,1240.8860864538583,154,0.009697737297875247,4,0.992,True
901,902,1223.3408432072783,152,0.009697737297875247,4,0.992,True
902,903,1222.7265343420527,151,0.009697737297875247,4,0.992,True
903,904,1249.1958126375685,155,0.009697737297875247,4,0.992,True
904,905,1123.725971083568,122,0.009697737297875247,4,0.992,True
905,906,1265.6012448445545,158,0.009697737297875247,4,0.992,True
906,907,1086.5798103363486,95,0.009697737297875247,4,0.992,True
907,908,1244.0326866001415,154,0.009697737297875247,4,0.992,True
908,909,1114.1790944186505,86,0.009697737297875247,4,0.992,True
909,910,1068.3648190078384,106,0.009697737297875247,4,0.992,True
910,911,1276.0894516474218,161,0.009697737297875247,4,0.992,True
911,912,1267.0170048375148,158,0.009697737297875247,4,0.992,True
912,913,1225.784645994394,152,0.009697737297875247,4,0.992,True
913,914,1100.9168185531162,89,0.009697737297875247,4,0.992,True
914,915,320.0823202935453,200,0.009697737297875247,4,0.99,False
915,916,1110.5009899133292,87,0.009697737297875247,4,0.99,True
916,917,1111.8189882356673,87,0.009697737297875247,4,0.99,True
917,918,1265.7719079266535,158,0.009697737297875247,4,0.99,True
918,919,1111.735083384032,87,0.009697737297875247,4,0.99,True
919,920,1102.450479273568,89,0.009697737297875247,4,0.99,True
920,921,1097.0787912795786,90,0.009697737297875247,4,0.99,True
921,922,1106.844213450735,87,0.009697737297875247,4,0.99,True
922,923,350.4916116289678,200,0.009697737297875247,4,0.988,False
923,924,1105.1335691789864,88,0.009697737297875247,4,0.988,True
924,925,1224.2924656988398,152,0.009697737297875247,4,0.988,True
925,926,1261.9155553749297,157,0.009697737297875247,4,0.988,True
926,927,1101.2441922187572,89,0.009697737297875247,4,0.988,True
927,928,1111.0553128068568,86,0.009697737297875247,4,0.988,True
928,929,1080.6639665025868,98,0.009697737297875247,4,0.988,True
929,930,1236.7234035028087,153,0.009697737297875247,4,0.988,True
930,931,1222.7636327080404,151,0.009697737297875247,4,0.988,True
931,932,1240.479057217337,154,0.009697737297875247,4,0.988,True
932,933,1099.0734876147471,90,0.009697737297875247,4,0.988,True
933,934,1242.1831653663248,154,0.009697737297875247,4,0.988,True
934,935,1245.7433815025724,154,0.009697737297875247,4,0.988,True
935,936,1262.558413698338,157,0.009697737297875247,4,0.988,True
936,937,1107.1299443269381,87,0.009697737297875247,4,0.988,True
937,938,1284.5144742726116,164,0.009697737297875247,4,0.988,True
938,939,1294.5801766411023,176,0.009697737297875247,4,0.988,True
939,940,1090.1896911773365,93,0.009697737297875247,4,0.988,True
940,941,1257.104188631929,156,0.009697737297875247,4,0.988,True
941,942,1270.5991350276163,159,0.009697737297875247,4,0.988,True
942,943,1269.946232667542,163,0.009697737297875247,4,0.988,True
943,944,364.24816984217614,200,0.009697737297875247,4,0.986,False
944,945,96.0193728460581,200,0.009697737297875247,4,0.984,False
945,946,1077.3714147011342,100,0.009697737297875247,4,0.984,True
946,947,1291.634656930597,170,0.009697737297875247,4,0.984,True
947,948,1073.231611129153,102,0.009697737297875247,4,0.984,True
948,949,1095.0184844108298,91,0.009697737297875247,4,0.984,True
949,950,1072.7780449686616,103,0.009697737297875247,4,0.984,True
950,951,1273.1229927467357,160,0.009697737297875247,4,0.984,True
951,952,1286.2514514626673,166,0.009697737297875247,4,0.984,True
952,953,1223.3013582940648,152,0.009697737297875247,4,0.984,True
953,954,1269.3765450015162,159,0.009697737297875247,4,0.984,True
954,955,1261.155670397915,157,0.009697737297875247,4,0.984,True
955,956,1080.0373011211632,98,0.009697737297875247,4,0.984,True
956,957,1112.0659207736608,87,0.009697737297875247,4,0.984,True
957,958,1230.1763041698432,153,0.009697737297875247,4,0.984,True
958,959,1108.9643554240538,87,0.009697737297875247,4,0.984,True
959,960,1290.4856882461463,174,0.009697737297875247,4,0.984,True
960,961,1075.9845512744505,101,0.009697737297875247,4,0.984,True
961,962,1057.526954100409,115,0.009697737297875247,4,0.984,True
962,963,1103.0733672460774,88,0.009697737297875247,4,0.984,True
963,964,1267.1748865897534,158,0.009697737297875247,4,0.984,True
964,965,1092.392021805048,92,0.009697737297875247,4,0.984,True
965,966,1289.872375754523,174,0.009697737297875247,4,0.984,True
966,967,1256.6139374600607,156,0.009697737297875247,4,0.984,True
967,968,1062.8635779012402,110,0.009697737297875247,4,0.984,True
968,969,1088.950152024161,93,0.009697737297875247,4,0.984,True
969,970,1083.4097209980246,96,0.009697737297875247,4,0.984,True
970,971,1222.4207452907358,158,0.009697737297875247,4,0.984,True
971,972,1286.8393119725251,167,0.009697737297875247,4,0.986,True
972,973,1286.3146770274034,166,0.009697737297875247,4,0.986,True
973,974,1106.1038230191916,88,0.009697737297875247,4,0.986,True
974,975,1274.3979207392767,159,0.009697737297875247,4,0.986,True
975,976,1053.6122405283386,119,0.009697737297875247,4,0.986,True
976,977,1241.2957982086227,154,0.009697737297875247,4,0.986,True
977,978,1092.478870106046,92,0.009697737297875247,4,0.986,True
978,979,1081.1534455149085,98,0.009697737297875247,4,0.986,True
979,980,1091.681070957915,92,0.009697737297875247,4,0.986,True
980,981,1255.7807458683965,156,0.009697737297875247,4,0.986,True
981,982,1063.1304886545113,110,0.009697737297875247,4,0.986,True
982,983,1088.6259892036906,93,0.009697737297875247,4,0.986,True
983,984,1251.7613711614977,155,0.009697737297875247,4,0.986,True
984,985,1263.626212950243,157,0.009697737297875247,4,0.986,True
985,986,1095.8193533427548,90,0.009697737297875247,4,0.986,True
986,987,1213.3443797780783,145,0.009697737297875247,4,0.986,True
987,988,1291.2221649071435,172,0.009697737297875247,4,0.986,True
988,989,1116.3734142965404,86,0.009697737297875247,4,0.986,True
989,990,1105.6988210965646,88,0.009697737297875247,4,0.986,True
990,991,1257.688162978884,156,0.009697737297875247,4,0.986,True
991,992,1096.1783689053264,90,0.009697737297875247,4,0.986,True
992,993,1287.0478660583176,168,0.009697737297875247,4,0.986,True
993,994,1116.2883211602457,86,0.009697737297875247,4,0.986,True
994,995,1230.7658700947723,153,0.009697737297875247,4,0.986,True
995,996,1272.7632916042348,164,0.009697737297875247,4,0.986,True
996,997,1106.8155559886363,87,0.009697737297875247,4,0.986,True
997,998,1153.6191868673886,188,0.009697737297875247,4,0.986,True
998,999,1098.1054295857903,90,0.009697737297875247,4,0.986,True
999,1000,1076.2262681819266,101,0.009697737297875247,4,0.986,True
1000,1001,1267.2549895134289,158,0.009697737297875247,4,0.986,True
1001,1002,1262.6172121058917,157,0.009697737297875247,4,0.986,True
1002,1003,1225.1874743436238,152,0.009697737297875247,4,0.986,True
1003,1004,1095.8917360659689,91,0.009697737297875247,4,0.986,True
1004,1005,1274.6606327466143,160,0.009697737297875247,4,0.986,True
1005,1006,1103.7928751577856,88,0.009697737297875247,4,0.986,True
1006,1007,1246.3808598155738,154,0.009697737297875247,4,0.986,True
1007,1008,1111.165793964814,87,0.009697737297875247,4,0.986,True
1008,1009,1099.9263930663,89,0.009697737297875247,4,0.986,True
1009,1010,1284.7346816751378,164,0.009697737297875247,4,0.986,True
1010,1011,1082.2722340692999,97,0.009697737297875247,4,0.986,True
1011,1012,1056.0901238941005,116,0.009697737297875247,4,0.986,True
1012,1013,1229.6044945146423,146,0.009697737297875247,4,0.986,True
1013,1014,1267.982933307183,158,0.009697737297875247,4,0.986,True
1014,1015,1262.1864897953346,157,0.009697737297875247,4,0.986,True
1015,1016,1257.9825170381082,156,0.009697737297875247,4,0.986,True
1016,1017,1242.1063380212872,154,0.009697737297875247,4,0.986,True
1017,1018,1205.2263899366953,163,0.009697737297875247,4,0.986,True
1018,1019,1115.021022243891,86,0.009697737297875247,4,0.986,True
1019,1020,1079.0518037956208,99,0.009697737297875247,4,0.986,True
1020,1021,1268.2132931804226,158,0.009697737297875247,4,0.986,True
1021,1022,1096.5631426384207,90,0.009697737297875247,4,0.986,True
1022,1023,1291.6588040718634,170,0.009697737297875247,4,0.986,True
1023,1024,1236.9922540336556,153,0.009697737297875247,4,0.986,True
1024,1025,1271.0359300328419,159,0.009697737297875247,4,0.986,True
1025,1026,1110.8157926472486,87,0.009697737297875247,4,0.986,True
1026,1027,1094.6981185895856,91,0.009697737297875247,4,0.986,True
1027,1028,1074.7760110269373,102,0.009697737297875247,4,0.986,True
1028,1029,1255.0073965238153,156,0.009697737297875247,4,0.986,True
1029,1030,1285.59089345939,165,0.009697737297875247,4,0.986,True
1030,1031,1242.7062469962693,154,0.009697737297875247,4,0.986,True
1031,1032,1231.6615815111145,153,0.009697737297875247,4,0.988,True
1032,1033,1085.9237464671023,95,0.009697737297875247,4,0.988,True
1033,1034,1110.24443915327,87,0.009697737297875247,4,0.988,True
1034,1035,1113.231479973765,86,0.009697737297875247,4,0.988,True
1035,1036,1229.462292462129,153,0.009697737297875247,4,0.988,True
1036,1037,1244.1294303810282,154,0.009697737297875247,4,0.988,True
1037,1038,1104.3003819965525,88,0.009697737297875247,4,0.988,True
1038,1039,1266.8669620011933,158,0.009697737297875247,4,0.988,True
1039,1040,223.14266345347278,200,0.009697737297875247,4,0.986,False
1040,1041,1248.6642174780136,155,0.009697737297875247,4,0.986,True
1041,1042,1242.6763487563876,154,0.009697737297875247,4,0.986,True
1042,1043,1109.4012162881554,87,0.009697737297875247,4,0.986,True
1043,1044,1084.5807953114272,95,0.009697737297875247,4,0.986,True
1044,1045,1087.1403813539073,95,0.009697737297875247,4,0.988,True
1045,1046,1274.80557997516,160,0.009697737297875247,4,0.988,True
1046,1047,1231.9874978079024,153,0.009697737297875247,4,0.988,True
1047,1048,1111.4083519075066,87,0.009697737297875247,4,0.988,True
1048,1049,1182.0287601848468,163,0.009697737297875247,4,0.988,True
1049,1050,1096.3712659280282,91,0.009697737297875247,4,0.988,True
1050,1051,1248.6039041069453,155,0.009697737297875247,4,0.988,True
1051,1052,1085.870983355795,95,0.009697737297875247,4,0.988,True
1052,1053,1267.9543608762906,158,0.009697737297875247,4,0.988,True
1053,1054,1102.0095680059167,89,0.009697737297875247,4,0.988,True
1054,1055,1251.906501795107,155,0.009697737297875247,4,0.988,True
1055,1056,1262.1638887821464,157,0.009697737297875247,4,0.988,True
1056,1057,1113.9369291142793,86,0.009697737297875247,4,0.988,True
1057,1058,1251.8509394570137,155,0.009697737297875247,4,0.988,True
1058,1059,1094.383897454245,91,0.009697737297875247,4,0.988,True
1059,1060,1102.35919982614,88,0.009697737297875247,4,0.988,True
1060,1061,1235.963361565562,153,0.009697737297875247,4,0.988,True
1061,1062,1081.6822958825505,97,0.009697737297875247,4,0.988,True
1062,1063,1277.9656270061096,162,0.009697737297875247,4,0.988,True
1063,1064,1283.3241869909107,163,0.009697737297875247,4,0.988,True
1064,1065,1072.3416357434398,103,0.009697737297875247,4,0.988,True
1065,1066,1291.5424762863113,168,0.009697737297875247,4,0.988,True
1066,1067,1237.6948885900201,153,0.009697737297875247,4,0.988,True
1067,1068,1103.5147300916724,88,0.009697737297875247,4,0.988,True
1068,1069,1063.7993698526698,109,0.009697737297875247,4,0.988,True
1069,1070,1243.5430035437748,154,0.009697737297875247,4,0.988,True
1070,1071,1127.6595935347855,159,0.009697737297875247,4,0.988,True
1071,1072,1261.6938932825578,157,0.009697737297875247,4,0.988,True
1072,1073,1235.470922196735,153,0.009697737297875247,4,0.988,True
1073,1074,1110.988464569964,121,0.009697737297875247,4,0.988,True
1074,1075,1162.7464477565372,124,0.009697737297875247,4,0.988,True
1075,1076,1252.740324817656,155,0.009697737297875247,4,0.988,True
1076,1077,1257.2346123273019,156,0.009697737297875247,4,0.988,True
1077,1078,1284.6193524315022,164,0.009697737297875247,4,0.988,True
1078,1079,1105.174177741981,88,0.009697737297875247,4,0.988,True
1079,1080,1291.6904440726576,169,0.009697737297875247,4,0.988,True
1080,1081,1081.365748336364,98,0.009697737297875247,4,0.988,True
1081,1082,1234.5924438956426,153,0.009697737297875247,4,0.988,True
1082,1083,1115.743779001641,86,0.009697737297875247,4,0.988,True
1083,1084,1271.8060441149573,159,0.009697737297875247,4,0.988,True
1084,1085,1257.0555905843503,156,0.009697737297875247,4,0.988,True
1085,1086,1269.4169326674382,159,0.009697737297875247,4,0.988,True
1086,1087,1235.8933372812753,153,0.009697737297875247,4,0.988,True
1087,1088,1110.9321852526045,86,0.009697737297875247,4,0.988,True
1088,1089,120.77290820743656,200,0.009697737297875247,4,0.986,False
1089,1090,1245.0114389974915,154,0.009697737297875247,4,0.986,True
1090,1091,1286.3272787095048,166,0.009697737297875247,4,0.986,True
1091,1092,1234.080648503048,153,0.009697737297875247,4,0.986,True
1092,1093,1248.3337648177403,155,0.009697737297875247,4,0.986,True
1093,1094,1236.535490450522,153,0.009697737297875247,4,0.986,True
1094,1095,1077.7364639861626,100,0.009697737297875247,4,0.986,True
1095,1096,1074.2911553787271,102,0.009697737297875247,4,0.986,True
1096,1097,1249.0886519278283,155,0.009697737297875247,4,0.986,True
1097,1098,1062.7134406251716,110,0.009697737297875247,4,0.986,True
1098,1099,1062.1739436361531,111,0.009697737297875247,4,0.986,True
1099,1100,1268.2510694459488,158,0.009697737297875247,4,0.986,True
1100,1101,1270.5062221635599,159,0.009697737297875247,4,0.986,True
1101,1102,1097.8660135718528,90,0.009697737297875247,4,0.986,True
1102,1103,1271.8636866315064,159,0.009697737297875247,4,0.986,True
1103,1104,1101.6779290167615,89,0.009697737297875247,4,0.986,True
1104,1105,1093.7552170511335,92,0.009697737297875247,4,0.986,True
1105,1106,1247.1438503641111,154,0.009697737297875247,4,0.986,True
1106,1107,1102.369455612381,89,0.009697737297875247,4,0.986,True
1107,1108,1223.3303744663717,157,0.009697737297875247,4,0.986,True
1108,1109,1277.9622896036599,162,0.009697737297875247,4,0.986,True
1109,1110,1250.7580420447048,155,0.009697737297875247,4,0.986,True
1110,1111,1294.4565800097043,177,0.009697737297875247,4,0.986,True
1111,1112,1252.5221061871853,155,0.009697737297875247,4,0.986,True
1112,1113,1099.399558927631,90,0.009697737297875247,4,0.986,True
1113,1114,1234.7090545714746,153,0.009697737297875247,4,0.986,True
1114,1115,1286.8352869911032,167,0.009697737297875247,4,0.986,True
1115,1116,1090.4523994029732,93,0.009697737297875247,4,0.986,True
1116,1117,1073.1327082545467,102,0.009697737297875247,4,0.986,True
1117,1118,1243.809063100227,154,0.009697737297875247,4,0.986,True
1118,1119,1241.4297138215916,154,0.009697737297875247,4,0.986,True
1119,1120,1256.0928548820084,156,0.009697737297875247,4,0.986,True
1120,1121,1100.4844711981714,89,0.009697737297875247,4,0.986,True
1121,1122,1065.005389755941,108,0.009697737297875247,4,0.986,True
1122,1123,1072.5465571040768,103,0.009697737297875247,4,0.986,True
1123,1124,1248.0215122173795,155,0.009697737297875247,4,0.986,True
1124,1125,1285.6253202058142,165,0.009697737297875247,4,0.986,True
1125,1126,1101.4809259858448,89,0.009697737297875247,4,0.986,True
1126,1127,1245.2209739671089,159,0.009697737297875247,4,0.986,True
1127,1128,1276.1840639874572,161,0.009697737297875247,4,0.986,True
1128,1129,1096.5056565206032,91,0.009697737297875247,4,0.986,True
1129,1130,1256.981938307872,156,0.009697737297875247,4,0.986,True
1130,1131,1112.6696392986923,86,0.009697737297875247,4,0.986,True
1131,1132,1291.864589056815,169,0.009697737297875247,4,0.986,True
1132,1133,1242.2385071352182,154,0.009697737297875247,4,0.986,True
1133,1134,1248.813380488078,155,0.009697737297875247,4,0.986,True
1134,1135,1243.7294394191413,154,0.009697737297875247,4,0.986,True
1135,1136,1267.4527611532249,158,0.009697737297875247,4,0.986,True
1136,1137,1107.0205766446306,87,0.009697737297875247,4,0.986,True
1137,1138,1271.6437185068498,159,0.009697737297875247,4,0.986,True
1138,1139,1223.6613254893646,152,0.009697737297875247,4,0.986,True
1139,1140,1274.4052491554758,160,0.009697737297875247,4,0.986,True
1140,1141,1246.5555488865648,154,0.009697737297875247,4,0.986,True
1141,1142,1250.4282440110692,155,0.009697737297875247,4,0.986,True
1142,1143,1251.130943916447,155,0.009697737297875247,4,0.986,True
1143,1144,1271.2877836880507,159,0.009697737297875247,4,0.986,True
1144,1145,1109.199234410029,87,0.009697737297875247,4,0.986,True
1145,1146,1068.6847951666277,106,0.009697737297875247,4,0.986,True
1146,1147,1283.2843104896601,163,0.009697737297875247,4,0.986,True
1147,1148,1235.8172686578182,153,0.009697737297875247,4,0.986,True
1148,1149,1072.5992241440035,103,0.009697737297875247,4,0.986,True
1149,1150,1286.6798201317433,167,0.009697737297875247,4,0.986,True
1150,1151,1111.076620045642,86,0.009697737297875247,4,0.986,True
1151,1152,1095.525434347801,91,0.009697737297875247,4,0.986,True
1152,1153,1255.0629634549477,156,0.009697737297875247,4,0.986,True
1153,1154,1069.839579315245,105,0.009697737297875247,4,0.986,True
1154,1155,1059.5316410540254,113,0.009697737297875247,4,0.986,True
1155,1156,1291.5329342011391,168,0.009697737297875247,4,0.986,True
1156,1157,1058.8603682500543,114,0.009697737297875247,4,0.986,True
1157,1158,1115.8921600296162,86,0.009697737297875247,4,0.986,True
1158,1159,1111.2622528357315,86,0.009697737297875247,4,0.986,True
1159,1160,1101.8141032977728,88,0.009697737297875247,4,0.986,True
1160,1161,1111.1756045182701,87,0.009697737297875247,4,0.986,True
1161,1162,1076.0215939368209,101,0.009697737297875247,4,0.986,True
1162,1163,1291.8565808468265,169,0.009697737297875247,4,0.986,True
1163,1164,1248.321113835933,155,0.009697737297875247,4,0.986,True
1164,1165,1082.7446023610537,96,0.009697737297875247,4,0.986,True
1165,1166,1112.7938169264235,86,0.009697737297875247,4,0.986,True
1166,1167,1230.0793866252643,153,0.009697737297875247,4,0.986,True
1167,1168,1291.7511192274396,169,0.009697737297875247,4,0.986,True
1168,1169,1235.3426200214453,153,0.009697737297875247,4,0.986,True
1169,1170,1294.732539319375,176,0.009697737297875247,4,0.986,True
1170,1171,1110.431285746803,87,0.009697737297875247,4,0.986,True
1171,1172,1231.5935691771738,153,0.009697737297875247,4,0.986,True
1172,1173,1227.938701278843,153,0.009697737297875247,4,0.986,True
1173,1174,1084.1056095637032,96,0.009697737297875247,4,0.986,True
1174,1175,1066.117066804116,108,0.009697737297875247,4,0.986,True
1175,1176,1222.5127661526813,151,0.009697737297875247,4,0.986,True
1176,1177,1232.7504892175493,153,0.009697737297875247,4,0.986,True
1177,1178,1271.6954017074313,159,0.009697737297875247,4,0.986,True
1178,1179,1108.1522477252875,87,0.009697737297875247,4,0.986,True
1179,1180,1286.3251679662062,166,0.009697737297875247,4,0.986,True
1180,1181,1283.2340380405076,163,0.009697737297875247,4,0.986,True
1181,1182,1070.0928212213475,105,0.009697737297875247,4,0.986,True
1182,1183,1255.7763065985637,156,0.009697737297875247,4,0.986,True
1183,1184,1098.5949040686246,89,0.009697737297875247,4,0.986,True
1184,1185,1089.7855765024433,93,0.009697737297875247,4,0.986,True
1185,1186,1085.5069488929585,95,0.009697737297875247,4,0.986,True
1186,1187,1266.9791159809101,158,0.009697737297875247,4,0.986,True
1187,1188,1255.8633820578689,156,0.009697737297875247,4,0.986,True
1188,1189,1091.3859099861002,93,0.009697737297875247,4,0.986,True
1189,1190,1111.5229600771854,87,0.009697737297875247,4,0.986,True
1190,1191,1078.8916659857496,99,0.009697737297875247,4,0.986,True
1191,1192,1285.5258942442888,165,0.009697737297875247,4,0.986,True
1192,1193,1248.40668661354,155,0.009697737297875247,4,0.986,True
1193,1194,1267.7559256720706,158,0.009697737297875247,4,0.986,True
1194,1195,1089.2629408503417,94,0.009697737297875247,4,0.986,True
1195,1196,1114.651652891771,86,0.009697737297875247,4,0.986,True
1196,1197,1104.9034975988325,88,0.009697737297875247,4,0.986,True
1197,1198,1109.610459360978,87,0.009697737297875247,4,0.986,True
1198,1199,1115.5249491601717,86,0.009697737297875247,4,0.986,True
1199,1200,1256.864298058208,156,0.009697737297875247,4,0.986,True
1200,1201,1257.1611157417647,156,0.009697737297875247,4,0.986,True
1201,1202,1257.7193140157033,156,0.009697737297875247,4,0.986,True
1202,1203,1260.711504622799,157,0.009697737297875247,4,0.986,True
1203,1204,1089.5170768619282,93,0.009697737297875247,4,0.986,True
1204,1205,1293.5319838194555,178,0.009697737297875247,4,0.986,True
1205,1206,1256.0438786796294,156,0.009697737297875247,4,0.986,True
1206,1207,1062.199874209764,111,0.009697737297875247,4,0.986,True
1207,1208,1071.4681975793355,104,0.009697737297875247,4,0.986,True
1208,1209,1114.3422220402863,86,0.009697737297875247,4,0.986,True
1209,1210,1266.5759248782415,158,0.009697737297875247,4,0.986,True
1210,1211,1106.0438317712978,87,0.009697737297875247,4,0.986,True
1211,1212,1102.9009065149585,88,0.009697737297875247,4,0.986,True
1212,1213,1251.2345830248669,155,0.009697737297875247,4,0.986,True
1213,1214,1109.6903199257795,87,0.009697737297875247,4,0.986,True
1214,1215,1110.3086251198092,87,0.009697737297875247,4,0.986,True
1215,1216,1101.7399483006448,88,0.009697737297875247,4,0.986,True
1216,1217,1222.850175475343,152,0.009697737297875247,4,0.986,True
1217,1218,1233.6211237431125,153,0.009697737297875247,4,0.986,True
1218,1219,1252.3596798136132,155,0.009697737297875247,4,0.986,True
1219,1220,1284.5545693567256,164,0.009697737297875247,4,0.986,True
1220,1221,992.8326655183337,178,0.009697737297875247,4,0.986,True
1221,1222,1278.1709768533474,162,0.009697737297875247,4,0.986,True
1222,1223,1057.5087484844844,115,0.009697737297875247,4,0.986,True
1223,1224,1115.283108279109,86,0.009697737297875247,4,0.986,True
1224,1225,1256.0827943935874,156,0.009697737297875247,4,0.986,True
1225,1226,1086.847795839305,94,0.009697737297875247,4,0.986,True
1226,1227,1245.6479962200974,154,0.009697737297875247,4,0.986,True
1227,1228,1094.0522916647606,92,0.009697737297875247,4,0.986,True
1228,1229,1228.7635107676106,153,0.009697737297875247,4,0.986,True
1229,1230,1276.6180081909988,161,0.009697737297875247,4,0.986,True
1230,1231,1224.1545739686662,152,0.009697737297875247,4,0.986,True
1231,1232,1098.585373123875,90,0.009697737297875247,4,0.986,True
1232,1233,1245.3665602077963,154,0.009697737297875247,4,0.986,True
1233,1234,1097.0844671493396,90,0.009697737297875247,4,0.986,True
1234,1235,1261.7683528367197,157,0.009697737297875247,4,0.986,True
1235,1236,1224.7738756433355,152,0.009697737297875247,4,0.986,True
1236,1237,1284.4498718976974,164,0.009697737297875247,4,0.986,True
1237,1238,1284.68134279293,164,0.009697737297875247,4,0.986,True
1238,1239,1230.40403836935,153,0.009697737297875247,4,0.986,True
1239,1240,1230.0678254311133,153,0.009697737297875247,4,0.986,True
1240,1241,1106.6377875730395,87,0.009697737297875247,4,0.986,True
1241,1242,1266.9272021339275,158,0.009697737297875247,4,0.986,True
1242,1243,1096.6114202237222,90,0.009697737297875247,4,0.986,True
1243,1244,1246.5032853876182,154,0.009697737297875247,4,0.986,True
1244,1245,1242.3478368232027,154,0.009697737297875247,4,0.986,True
1245,1246,1093.4078766240273,92,0.009697737297875247,4,0.986,True
1246,1247,1083.3599221234908,96,0.009697737297875247,4,0.986,True
1247,1248,1276.1070492508588,161,0.009697737297875247,4,0.986,True
1248,1249,1263.2824757599737,157,0.009697737297875247,4,0.986,True
1249,1250,1112.3646768805338,86,0.009697737297875247,4,0.986,True
1250,1251,1046.8744990522973,125,0.009697737297875247,4,0.986,True
1251,1252,1086.6526993197622,95,0.009697737297875247,4,0.986,True
1252,1253,1083.1293138812762,97,0.009697737297875247,4,0.986,True
1253,1254,1091.038610667223,92,0.009697737297875247,4,0.986,True
1254,1255,1228.6485334593162,153,0.009697737297875247,4,0.986,True
1255,1256,1283.4139364308503,163,0.009697737297875247,4,0.986,True
1256,1257,1033.374858546711,138,0.009697737297875247,4,0.986,True
1257,1258,1232.0968387399334,143,0.009697737297875247,4,0.986,True
1258,1259,1093.736659574788,91,0.009697737297875247,4,0.986,True
1259,1260,1096.3645324939862,90,0.009697737297875247,4,0.986,True
1260,1261,1267.773367018497,158,0.009697737297875247,4,0.986,True
1261,1262,1097.8723956111353,90,0.009697737297875247,4,0.986,True
1262,1263,1108.0120104598464,87,0.009697737297875247,4,0.986,True
1263,1264,1110.6592002623656,87,0.009697737297875247,4,0.986,True
1264,1265,1106.322233330924,87,0.009697737297875247,4,0.986,True
1265,1266,1073.7147057752045,102,0.009697737297875247,4,0.986,True
1266,1267,1245.801005702,167,0.009697737297875247,4,0.986,True
1267,1268,210.39497763740656,200,0.009697737297875247,4,0.984,False
1268,1269,1236.9816008071648,153,0.009697737297875247,4,0.984,True
1269,1270,1063.3939111827349,110,0.009697737297875247,4,0.984,True
1270,1271,1273.00657329744,160,0.009697737297875247,4,0.984,True
1271,1272,1074.8394253454753,102,0.009697737297875247,4,0.984,True
1272,1273,1291.8340639650123,170,0.009697737297875247,4,0.984,True
1273,1274,1089.7087291157804,93,0.009697737297875247,4,0.984,True
1274,1275,1286.2939777152496,166,0.009697737297875247,4,0.984,True
1275,1276,1096.783605022356,91,0.009697737297875247,4,0.984,True
1276,1277,1291.510461082944,186,0.009697737297875247,4,0.984,True
1277,1278,1255.8762571035186,156,0.009697737297875247,4,0.984,True
1278,1279,1097.1810749222059,90,0.009697737297875247,4,0.984,True
1279,1280,1285.6529433716205,165,0.009697737297875247,4,0.984,True
1280,1281,1284.579052374931,164,0.009697737297875247,4,0.984,True
1281,1282,1245.7932975709555,154,0.009697737297875247,4,0.984,True
1282,1283,1092.1003218743717,92,0.009697737297875247,4,0.984,True
1283,1284,1089.012511693756,94,0.009697737297875247,4,0.984,True
1284,1285,1223.3949996984156,152,0.009697737297875247,4,0.984,True
1285,1286,1222.95037278867,152,0.009697737297875247,4,0.984,True
1286,1287,1077.8133694429707,100,0.009697737297875247,4,0.984,True
1287,1288,1113.8485728914384,86,0.009697737297875247,4,0.984,True
1288,1289,1091.3300258634845,92,0.009697737297875247,4,0.984,True
1289,1290,1191.5698694561434,116,0.009697737297875247,4,0.984,True
1290,1291,1241.380946225283,154,0.009697737297875247,4,0.984,True
1291,1292,1246.081734661013,154,0.009697737297875247,4,0.984,True
1292,1293,1110.5000785596203,87,0.009697737297875247,4,0.984,True
1293,1294,1222.070598052892,151,0.009697737297875247,4,0.984,True
1294,1295,1078.8566545826616,99,0.009697737297875247,4,0.984,True
1295,1296,1088.2915841524955,94,0.009697737297875247,4,0.984,True
1296,1297,1107.5679918620735,87,0.009697737297875247,4,0.984,True
1297,1298,1229.9597022767994,153,0.009697737297875247,4,0.984,True
1298,1299,1229.0104873788077,153,0.009697737297875247,4,0.984,True
1299,1300,1071.9087649324574,103,0.009697737297875247,4,0.984,True
1300,1301,1229.9737339532367,153,0.009697737297875247,4,0.984,True
1301,1302,1072.6234748356073,103,0.009697737297875247,4,0.984,True
1302,1303,1276.2416514544748,161,0.009697737297875247,4,0.984,True
1303,1304,1078.6599553062406,99,0.009697737297875247,4,0.984,True
1304,1305,1100.6028114851797,89,0.009697737297875247,4,0.984,True
1305,1306,1243.8884527399496,154,0.009697737297875247,4,0.984,True
1306,1307,1203.370295482644,143,0.009697737297875247,4,0.984,True
1307,1308,1249.8076317781815,155,0.009697737297875247,4,0.984,True
1308,1309,1116.257245062152,86,0.009697737297875247,4,0.984,True
1309,1310,1099.0994610895868,90,0.009697737297875247,4,0.984,True
1310,1311,1224.6413906095986,152,0.009697737297875247,4,0.984,True
1311,1312,1083.1108765208046,96,0.009697737297875247,4,0.984,True
1312,1313,1283.2255266485736,163,0.009697737297875247,4,0.986,True
1313,1314,1228.0977014414457,153,0.009697737297875247,4,0.986,True
1314,1315,1237.2362577927997,153,0.009697737297875247,4,0.986,True
1315,1316,1244.9992838721955,154,0.009697737297875247,4,0.986,True
1316,1317,1094.0555116243195,91,0.009697737297875247,4,0.986,True
1317,1318,1089.8171658116626,93,0.009697737297875247,4,0.986,True
1318,1319,1264.0826460723765,144,0.009697737297875247,4,0.986,True
1319,1320,1237.2373901122482,153,0.009697737297875247,4,0.986,True
1320,1321,1109.771041513035,87,0.009697737297875247,4,0.986,True
1321,1322,1261.7118765801424,157,0.009697737297875247,4,0.986,True
1322,1323,1077.6530750375532,99,0.009697737297875247,4,0.986,True
1323,1324,1107.148501261021,87,0.009697737297875247,4,0.986,True
1324,1325,1086.8279973629396,95,0.009697737297875247,4,0.986,True
1325,1326,1246.5918667817023,154,0.009697737297875247,4,0.986,True
1326,1327,1269.5486046652077,159,0.009697737297875247,4,0.986,True
1327,1328,1111.3178794054547,87,0.009697737297875247,4,0.986,True
1328,1329,1050.3330994418357,122,0.009697737297875247,4,0.986,True
1329,1330,1058.471290831687,114,0.009697737297875247,4,0.986,True
1330,1331,1251.2762508654268,155,0.009697737297875247,4,0.986,True
1331,1332,1285.6340096375206,165,0.009697737297875247,4,0.986,True
1332,1333,1044.5507566322922,127,0.009697737297875247,4,0.986,True
1333,1334,1109.559886069168,87,0.009697737297875247,4,0.986,True
1334,1335,1235.056413258324,153,0.009697737297875247,4,0.986,True
1335,1336,1087.0867287626024,95,0.009697737297875247,4,0.986,True
1336,1337,1222.4925553656476,151,0.009697737297875247,4,0.986,True
1337,1338,1245.1776292421273,154,0.009697737297875247,4,0.986,True
1338,1339,1229.3068005170862,153,0.009697737297875247,4,0.986,True
1339,1340,1291.2625140749733,172,0.009697737297875247,4,0.986,True
1340,1341,1239.9823609156301,154,0.009697737297875247,4,0.986,True
1341,1342,1226.2048271043786,152,0.009697737297875247,4,0.986,True
1342,1343,1286.3277700621984,166,0.009697737297875247,4,0.986,True
1343,1344,1224.3740059322809,152,0.009697737297875247,4,0.986,True
1344,1345,1098.0936560735572,90,0.009697737297875247,4,0.986,True
1345,1346,1061.7064745142125,111,0.009697737297875247,4,0.986,True
1346,1347,1116.4414847886655,86,0.009697737297875247,4,0.986,True
1347,1348,1251.9961054168525,155,0.009697737297875247,4,0.986,True
1348,1349,1225.5206447516903,152,0.009697737297875247,4,0.986,True
1349,1350,1278.1658460284816,162,0.009697737297875247,4,0.986,True
1350,1351,1108.729896906938,87,0.009697737297875247,4,0.986,True
1351,1352,1287.044432524097,168,0.009697737297875247,4,0.986,True
1352,1353,1111.0858307633316,86,0.009697737297875247,4,0.986,True
1353,1354,1064.8117809339892,109,0.009697737297875247,4,0.986,True
1354,1355,1285.51073184493,165,0.009697737297875247,4,0.986,True
1355,1356,1059.5927048644517,113,0.009697737297875247,4,0.986,True
1356,1357,1266.184055677848,158,0.009697737297875247,4,0.986,True
1357,1358,1256.0713814327028,156,0.009697737297875247,4,0.986,True
1358,1359,1248.0242427634912,155,0.009697737297875247,4,0.986,True
1359,1360,1285.652867820987,165,0.009697737297875247,4,0.986,True
1360,1361,1093.4824688276276,92,0.009697737297875247,4,0.986,True
1361,1362,1257.3540066881105,156,0.009697737297875247,4,0.986,True
1362,1363,1088.648120083264,94,0.009697737297875247,4,0.986,True
1363,1364,1087.2208900577389,95,0.009697737297875247,4,0.986,True
1364,1365,1081.2084877971793,97,0.009697737297875247,4,0.986,True
1365,1366,1255.5871218358516,156,0.009697737297875247,4,0.986,True
1366,1367,1091.3369498403044,93,0.009697737297875247,4,0.986,True
1367,1368,1107.342407536693,87,0.009697737297875247,4,0.986,True
1368,1369,1111.5453222024953,87,0.009697737297875247,4,0.986,True
1369,1370,1284.593988382141,164,0.009697737297875247,4,0.986,True
1370,1371,1111.190426791145,86,0.009697737297875247,4,0.986,True
1371,1372,1249.6749034523382,155,0.009697737297875247,4,0.986,True
1372,1373,1115.681559179793,86,0.009697737297875247,4,0.986,True
1373,1374,1211.8797754422412,164,0.009697737297875247,4,0.986,True
1374,1375,1250.3747110757977,155,0.009697737297875247,4,0.986,True
1375,1376,1269.4152990385119,159,0.009697737297875247,4,0.986,True
1376,1377,1079.2874308982864,99,0.009697737297875247,4,0.986,True
1377,1378,1101.4321058731293,89,0.009697737297875247,4,0.986,True
1378,1379,1266.10731758771,158,0.009697737297875247,4,0.986,True
1379,1380,1099.0750305193942,90,0.009697737297875247,4,0.986,True
1380,1381,1089.134718839894,93,0.009697737297875247,4,0.986,True
1381,1382,1233.7867335147603,153,0.009697737297875247,4,0.986,True
1382,1383,1240.1906486723165,154,0.009697737297875247,4,0.986,True
1383,1384,1230.29533546546,153,0.009697737297875247,4,0.986,True
1384,1385,1108.3903120496543,87,0.009697737297875247,4,0.986,True
1385,1386,1292.4625849220465,185,0.009697737297875247,4,0.986,True
1386,1387,1113.9933535893215,86,0.009697737297875247,4,0.986,True
1387,1388,1106.2955772426794,88,0.009697737297875247,4,0.986,True
1388,1389,1274.208474534331,160,0.009697737297875247,4,0.986,True
1389,1390,1076.0667362364766,100,0.009697737297875247,4,0.986,True
1390,1391,1098.965549970977,90,0.009697737297875247,4,0.986,True
1391,1392,1262.366043016431,157,0.009697737297875247,4,0.986,True
1392,1393,1287.9879244421609,169,0.009697737297875247,4,0.986,True
1393,1394,1111.729344315827,86,0.009697737297875247,4,0.986,True
1394,1395,1087.360468517756,94,0.009697737297875247,4,0.986,True
1395,1396,1229.4243715760313,153,0.009697737297875247,4,0.986,True
1396,1397,1099.1385095349979,89,0.009697737297875247,4,0.986,True
1397,1398,1084.5763306412264,95,0.009697737297875247,4,0.986,True
1398,1399,1074.9314879463782,101,0.009697737297875247,4,0.986,True
1399,1400,1084.4656153235119,95,0.009697737297875247,4,0.986,True
1400,1401,1105.8310362903867,87,0.009697737297875247,4,0.986,True
