,episode,reward,epochs,epsilon,success
0,0,-500.0,500,0.999,False
1,1,-500.0,500,0.998001,False
2,2,-500.0,500,0.997002999,False
3,3,-500.0,500,0.996005996001,False
4,4,-500.0,500,0.995009990004999,False
5,5,-500.0,500,0.994014980014994,False
6,6,-500.0,500,0.993020965034979,False
7,7,-500.0,500,0.9920279440699441,False
8,8,-500.0,500,0.9910359161258742,False
9,9,-500.0,500,0.9900448802097482,False
10,10,-500.0,500,0.9890548353295385,False
11,11,-500.0,500,0.988065780494209,False
12,12,-500.0,500,0.9870777147137147,False
13,13,-500.0,500,0.986090636999001,False
14,14,-500.0,500,0.9851045463620021,False
15,15,-500.0,500,0.98411944181564,False
16,16,-500.0,500,0.9831353223738244,False
17,17,-500.0,500,0.9821521870514506,False
18,18,-500.0,500,0.9811700348643991,False
19,19,-500.0,500,0.9801888648295347,False
20,20,-500.0,500,0.9792086759647052,False
21,21,-500.0,500,0.9782294672887405,False
22,22,-500.0,500,0.9772512378214517,False
23,23,-500.0,500,0.9762739865836303,False
24,24,-500.0,500,0.9752977125970467,False
25,25,-500.0,500,0.9743224148844496,False
26,26,-500.0,500,0.9733480924695651,False
27,27,-500.0,500,0.9723747443770956,False
28,28,-500.0,500,0.9714023696327185,False
29,29,-500.0,500,0.9704309672630859,False
30,30,-500.0,500,0.9694605362958227,False
31,31,-500.0,500,0.9684910757595269,False
32,32,-500.0,500,0.9675225846837673,False
33,33,-500.0,500,0.9665550620990835,False
34,34,-500.0,500,0.9655885070369844,False
35,35,-500.0,500,0.9646229185299474,False
36,36,-500.0,500,0.9636582956114175,False
37,37,-500.0,500,0.9626946373158061,False
38,38,-500.0,500,0.9617319426784903,False
39,39,-500.0,500,0.9607702107358118,False
40,40,-500.0,500,0.959809440525076,False
41,41,-500.0,500,0.9588496310845509,False
42,42,-500.0,500,0.9578907814534664,False
43,43,-500.0,500,0.9569328906720129,False
44,44,-500.0,500,0.9559759577813409,False
45,45,-500.0,500,0.9550199818235596,False
46,46,-500.0,500,0.9540649618417361,False
47,47,-500.0,500,0.9531108968798944,False
48,48,-500.0,500,0.9521577859830145,False
49,49,-500.0,500,0.9512056281970315,False
50,50,-500.0,500,0.9502544225688344,False
51,51,-500.0,500,0.9493041681462656,False
52,52,-500.0,500,0.9483548639781193,False
53,53,-500.0,500,0.9474065091141411,False
54,54,-500.0,500,0.946459102605027,False
55,55,-500.0,500,0.9455126435024219,False
56,56,-500.0,500,0.9445671308589195,False
57,57,-500.0,500,0.9436225637280606,False
58,58,-500.0,500,0.9426789411643326,False
59,59,-500.0,500,0.9417362622231683,False
60,60,-500.0,500,0.9407945259609451,False
61,61,-500.0,500,0.9398537314349842,False
62,62,-500.0,500,0.9389138777035492,False
63,63,-500.0,500,0.9379749638258457,False
64,64,-500.0,500,0.9370369888620198,False
65,65,-500.0,500,0.9360999518731578,False
66,66,-500.0,500,0.9351638519212846,False
67,67,-500.0,500,0.9342286880693633,False
68,68,-500.0,500,0.933294459381294,False
69,69,-500.0,500,0.9323611649219127,False
70,70,-500.0,500,0.9314288037569908,False
71,71,-500.0,500,0.9304973749532338,False
72,72,-500.0,500,0.9295668775782806,False
73,73,-500.0,500,0.9286373107007023,False
74,74,-500.0,500,0.9277086733900016,False
75,75,-500.0,500,0.9267809647166116,False
76,76,-500.0,500,0.925854183751895,False
77,77,-500.0,500,0.9249283295681431,False
78,78,-500.0,500,0.9240034012385749,False
79,79,-500.0,500,0.9230793978373364,False
80,80,-500.0,500,0.9221563184394991,False
81,81,-500.0,500,0.9212341621210596,False
82,82,-500.0,500,0.9203129279589385,False
83,83,-500.0,500,0.9193926150309796,False
84,84,-500.0,500,0.9184732224159486,False
85,85,-500.0,500,0.9175547491935327,False
86,86,-500.0,500,0.9166371944443392,False
87,87,-500.0,500,0.9157205572498949,False
88,88,-500.0,500,0.914804836692645,False
89,89,-500.0,500,0.9138900318559524,False
90,90,-500.0,500,0.9129761418240965,False
91,91,-500.0,500,0.9120631656822724,False
92,92,-500.0,500,0.9111511025165902,False
93,93,-500.0,500,0.9102399514140735,False
94,94,-500.0,500,0.9093297114626595,False
95,95,-500.0,500,0.9084203817511969,False
96,96,-500.0,500,0.9075119613694457,False
97,97,-500.0,500,0.9066044494080763,False
98,98,-500.0,500,0.9056978449586682,False
99,99,-500.0,500,0.9047921471137096,False
100,100,-500.0,500,0.9038873549665959,False
101,101,-500.0,500,0.9029834676116293,False
102,102,-500.0,500,0.9020804841440176,False
103,103,-500.0,500,0.9011784036598737,False
104,104,-500.0,500,0.9002772252562138,False
105,105,-500.0,500,0.8993769480309576,False
106,106,-500.0,500,0.8984775710829266,False
107,107,-500.0,500,0.8975790935118436,False
108,108,-500.0,500,0.8966815144183318,False
109,109,-500.0,500,0.8957848329039134,False
110,110,-500.0,500,0.8948890480710096,False
111,111,-500.0,500,0.8939941590229386,False
112,112,-500.0,500,0.8931001648639156,False
113,113,-500.0,500,0.8922070646990518,False
114,114,-500.0,500,0.8913148576343527,False
115,115,-500.0,500,0.8904235427767183,False
116,116,-500.0,500,0.8895331192339416,False
117,117,-500.0,500,0.8886435861147077,False
118,118,-500.0,500,0.887754942528593,False
119,119,-500.0,500,0.8868671875860644,False
120,120,-500.0,500,0.8859803203984784,False
121,121,-500.0,500,0.88509434007808,False
122,122,-500.0,500,0.8842092457380019,False
123,123,-500.0,500,0.8833250364922639,False
124,124,-500.0,500,0.8824417114557717,False
125,125,-500.0,500,0.8815592697443159,False
126,126,-500.0,500,0.8806777104745716,False
127,127,-500.0,500,0.8797970327640969,False
128,128,-500.0,500,0.8789172357313328,False
129,129,-500.0,500,0.8780383184956015,False
130,130,-500.0,500,0.8771602801771059,False
131,131,-500.0,500,0.8762831198969288,False
132,132,-500.0,500,0.8754068367770318,False
133,133,-500.0,500,0.8745314299402548,False
134,134,-500.0,500,0.8736568985103146,False
135,135,-500.0,500,0.8727832416118043,False
136,136,-500.0,500,0.8719104583701925,False
137,137,-500.0,500,0.8710385479118223,False
138,138,-500.0,500,0.8701675093639105,False
139,139,-500.0,500,0.8692973418545467,False
140,140,-500.0,500,0.8684280445126921,False
141,141,-500.0,500,0.8675596164681794,False
142,142,-500.0,500,0.8666920568517111,False
143,143,-500.0,500,0.8658253647948594,False
144,144,-500.0,500,0.8649595394300645,False
145,145,-500.0,500,0.8640945798906344,False
146,146,-500.0,500,0.8632304853107438,False
147,147,-500.0,500,0.862367254825433,False
148,148,-500.0,500,0.8615048875706075,False
149,149,-500.0,500,0.8606433826830369,False
150,150,-500.0,500,0.8597827393003539,False
151,151,-500.0,500,0.8589229565610536,False
152,152,-500.0,500,0.8580640336044925,False
153,153,-500.0,500,0.857205969570888,False
154,154,-500.0,500,0.8563487636013172,False
155,155,-500.0,500,0.8554924148377159,False
156,156,-500.0,500,0.8546369224228781,False
157,157,-500.0,500,0.8537822855004553,False
158,158,-500.0,500,0.8529285032149548,False
159,159,-500.0,500,0.8520755747117399,False
160,160,-500.0,500,0.8512234991370281,False
161,161,-500.0,500,0.8503722756378911,False
162,162,-500.0,500,0.8495219033622532,False
163,163,-500.0,500,0.8486723814588909,False
164,164,-500.0,500,0.847823709077432,False
165,165,-500.0,500,0.8469758853683546,False
166,166,-500.0,500,0.8461289094829862,False
167,167,-500.0,500,0.8452827805735033,False
168,168,-500.0,500,0.8444374977929298,False
169,169,-500.0,500,0.8435930602951368,False
170,170,-500.0,500,0.8427494672348417,False
171,171,-500.0,500,0.8419067177676068,False
172,172,-500.0,500,0.8410648110498392,False
173,173,-500.0,500,0.8402237462387894,False
174,174,-500.0,500,0.8393835224925505,False
175,175,-500.0,500,0.838544138970058,False
176,176,-500.0,500,0.8377055948310879,False
177,177,-500.0,500,0.8368678892362568,False
178,178,-500.0,500,0.8360310213470206,False
179,179,-500.0,500,0.8351949903256736,False
180,180,-500.0,500,0.8343597953353479,False
181,181,-500.0,500,0.8335254355400126,False
182,182,-500.0,500,0.8326919101044725,False
183,183,-500.0,500,0.831859218194368,False
184,184,-500.0,500,0.8310273589761736,False
185,185,-500.0,500,0.8301963316171974,False
186,186,-500.0,500,0.8293661352855802,False
187,187,-500.0,500,0.8285367691502946,False
188,188,-500.0,500,0.8277082323811443,False
189,189,-500.0,500,0.8268805241487632,False
190,190,-500.0,500,0.8260536436246144,False
191,191,-500.0,500,0.8252275899809898,False
192,192,-500.0,500,0.8244023623910088,False
193,193,-500.0,500,0.8235779600286178,False
194,194,-500.0,500,0.8227543820685892,False
195,195,-500.0,500,0.8219316276865206,False
196,196,-500.0,500,0.8211096960588341,False
197,197,-500.0,500,0.8202885863627752,False
198,198,-500.0,500,0.8194682977764125,False
199,199,-500.0,500,0.818648829478636,False
200,200,-500.0,500,0.8178301806491574,False
201,201,-500.0,500,0.8170123504685082,False
202,202,-500.0,500,0.8161953381180397,False
203,203,-500.0,500,0.8153791427799216,False
204,204,-500.0,500,0.8145637636371417,False
205,205,-500.0,500,0.8137491998735046,False
206,206,-500.0,500,0.812935450673631,False
207,207,-500.0,500,0.8121225152229574,False
208,208,-500.0,500,0.8113103927077344,False
209,209,547.0,454,0.8104990823150267,True
210,210,-500.0,500,0.8096885832327116,False
211,211,-500.0,500,0.8088788946494789,False
212,212,-500.0,500,0.8080700157548294,False
213,213,-500.0,500,0.8072619457390746,False
214,214,-500.0,500,0.8064546837933355,False
215,215,-500.0,500,0.8056482291095421,False
216,216,-500.0,500,0.8048425808804326,False
217,217,-500.0,500,0.8040377382995522,False
218,218,-500.0,500,0.8032337005612527,False
219,219,-500.0,500,0.8024304668606914,False
220,220,-500.0,500,0.8016280363938307,False
221,221,-500.0,500,0.8008264083574369,False
222,222,-500.0,500,0.8000255819490795,False
223,223,-500.0,500,0.7992255563671304,False
224,224,-500.0,500,0.7984263308107633,False
225,225,-500.0,500,0.7976279044799526,False
226,226,-500.0,500,0.7968302765754727,False
227,227,-500.0,500,0.7960334462988972,False
228,228,-500.0,500,0.7952374128525983,False
229,229,-500.0,500,0.7944421754397457,False
230,230,-500.0,500,0.7936477332643059,False
231,231,-500.0,500,0.7928540855310416,False
232,232,-500.0,500,0.7920612314455105,False
233,233,-500.0,500,0.7912691702140651,False
234,234,-500.0,500,0.790477901043851,False
235,235,-500.0,500,0.7896874231428072,False
236,236,-500.0,500,0.7888977357196644,False
237,237,-500.0,500,0.7881088379839447,False
238,238,-500.0,500,0.7873207291459607,False
239,239,-500.0,500,0.7865334084168147,False
240,240,-500.0,500,0.7857468750083979,False
241,241,-500.0,500,0.7849611281333895,False
242,242,-500.0,500,0.784176167005256,False
243,243,609.0,392,0.7833919908382508,True
244,244,-500.0,500,0.7826085988474126,False
245,245,-500.0,500,0.7818259902485653,False
246,246,-500.0,500,0.7810441642583167,False
247,247,-500.0,500,0.7802631200940584,False
248,248,-500.0,500,0.7794828569739644,False
249,249,-500.0,500,0.7787033741169904,False
250,250,-500.0,500,0.7779246707428734,False
251,251,-500.0,500,0.7771467460721305,False
252,252,-500.0,500,0.7763695993260584,False
253,253,-500.0,500,0.7755932297267324,False
254,254,-500.0,500,0.7748176364970056,False
255,255,-500.0,500,0.7740428188605086,False
256,256,579.0,422,0.7732687760416481,True
257,257,-500.0,500,0.7724955072656065,False
258,258,-500.0,500,0.7717230117583408,False
259,259,-500.0,500,0.7709512887465825,False
260,260,-500.0,500,0.7701803374578359,False
261,261,-500.0,500,0.7694101571203781,False
262,262,-500.0,500,0.7686407469632577,False
263,263,-500.0,500,0.7678721062162944,False
264,264,-500.0,500,0.7671042341100781,False
265,265,-500.0,500,0.766337129875968,False
266,266,-500.0,500,0.7655707927460921,False
267,267,-500.0,500,0.764805221953346,False
268,268,-500.0,500,0.7640404167313927,False
269,269,-500.0,500,0.7632763763146613,False
270,270,-500.0,500,0.7625130999383466,False
271,271,-500.0,500,0.7617505868384082,False
272,272,-500.0,500,0.7609888362515699,False
273,273,-500.0,500,0.7602278474153183,False
274,274,-500.0,500,0.759467619567903,False
275,275,-500.0,500,0.7587081519483351,False
276,276,544.0,457,0.7579494437963867,True
277,277,549.0,452,0.7571914943525904,True
278,278,-500.0,500,0.7564343028582378,False
279,279,-500.0,500,0.7556778685553796,False
280,280,-500.0,500,0.7549221906868242,False
281,281,-500.0,500,0.7541672684961374,False
282,282,-500.0,500,0.7534131012276413,False
283,283,-500.0,500,0.7526596881264136,False
284,284,-500.0,500,0.7519070284382872,False
285,285,-500.0,500,0.7511551214098489,False
286,286,-500.0,500,0.750403966288439,False
287,287,-500.0,500,0.7496535623221505,False
288,288,614.0,387,0.7489039087598284,True
289,289,-500.0,500,0.7481550048510686,False
290,290,501.0,500,0.7474068498462175,True
291,291,-500.0,500,0.7466594429963713,False
292,292,-500.0,500,0.745912783553375,False
293,293,-500.0,500,0.7451668707698216,False
294,294,-500.0,500,0.7444217038990517,False
295,295,551.0,450,0.7436772821951526,True
296,296,-500.0,500,0.7429336049129575,False
297,297,-500.0,500,0.7421906713080445,False
298,298,-500.0,500,0.7414484806367364,False
299,299,-500.0,500,0.7407070321560997,False
300,300,672.0,329,0.7399663251239436,True
301,301,-500.0,500,0.7392263587988196,False
302,302,-500.0,500,0.7384871324400207,False
303,303,-500.0,500,0.7377486453075807,False
304,304,608.0,393,0.737010896662273,True
305,305,-500.0,500,0.7362738857656108,False
306,306,-500.0,500,0.7355376118798452,False
307,307,-500.0,500,0.7348020742679654,False
308,308,-500.0,500,0.7340672721936974,False
309,309,699.0,302,0.7333332049215037,True
310,310,-500.0,500,0.7325998717165821,False
311,311,-500.0,500,0.7318672718448656,False
312,312,-500.0,500,0.7311354045730207,False
313,313,730.0,271,0.7304042691684477,True
314,314,660.0,341,0.7296738648992792,True
315,315,-500.0,500,0.7289441910343799,False
316,316,-500.0,500,0.7282152468433455,False
317,317,-500.0,500,0.7274870315965022,False
318,318,-500.0,500,0.7267595445649057,False
319,319,-500.0,500,0.7260327850203407,False
320,320,-500.0,500,0.7253067522353204,False
321,321,-500.0,500,0.724581445483085,False
322,322,-500.0,500,0.723856864037602,False
323,323,554.0,447,0.7231330071735643,True
324,324,-500.0,500,0.7224098741663908,False
325,325,-500.0,500,0.7216874642922244,False
326,326,-500.0,500,0.7209657768279322,False
327,327,-500.0,500,0.7202448110511043,False
328,328,-500.0,500,0.7195245662400531,False
329,329,-500.0,500,0.7188050416738131,False
330,330,-500.0,500,0.7180862366321393,False
331,331,-500.0,500,0.7173681503955072,False
332,332,-500.0,500,0.7166507822451117,False
333,333,-500.0,500,0.7159341314628666,False
334,334,-500.0,500,0.7152181973314037,False
335,335,-500.0,500,0.7145029791340722,False
336,336,-500.0,500,0.7137884761549381,False
337,337,-500.0,500,0.7130746876787832,False
338,338,-500.0,500,0.7123616129911045,False
339,339,-500.0,500,0.7116492513781133,False
340,340,-500.0,500,0.7109376021267352,False
341,341,-500.0,500,0.7102266645246085,False
342,342,-500.0,500,0.7095164378600839,False
343,343,-500.0,500,0.7088069214222238,False
344,344,-500.0,500,0.7080981145008015,False
345,345,-500.0,500,0.7073900163863007,False
346,346,-500.0,500,0.7066826263699144,False
347,347,-500.0,500,0.7059759437435444,False
348,348,-500.0,500,0.7052699677998009,False
349,349,-500.0,500,0.704564697832001,False
350,350,-500.0,500,0.7038601331341691,False
351,351,-500.0,500,0.7031562730010349,False
352,352,-500.0,500,0.7024531167280339,False
353,353,-500.0,500,0.7017506636113059,False
354,354,-500.0,500,0.7010489129476946,False
355,355,-500.0,500,0.7003478640347469,False
356,356,-500.0,500,0.6996475161707122,False
357,357,-500.0,500,0.6989478686545415,False
358,358,589.0,412,0.698248920785887,True
359,359,-500.0,500,0.6975506718651011,False
360,360,-500.0,500,0.6968531211932361,False
361,361,-500.0,500,0.6961562680720428,False
362,362,-500.0,500,0.6954601118039707,False
363,363,-500.0,500,0.6947646516921667,False
364,364,-500.0,500,0.6940698870404746,False
365,365,-500.0,500,0.6933758171534341,False
366,366,-500.0,500,0.6926824413362807,False
367,367,-500.0,500,0.6919897588949444,False
368,368,-500.0,500,0.6912977691360495,False
369,369,-500.0,500,0.6906064713669134,False
370,370,559.0,442,0.6899158648955466,True
371,371,-500.0,500,0.689225949030651,False
372,372,-500.0,500,0.6885367230816204,False
373,373,-500.0,500,0.6878481863585387,False
374,374,-500.0,500,0.6871603381721801,False
375,375,-500.0,500,0.686473177834008,False
376,376,-500.0,500,0.685786704656174,False
377,377,-500.0,500,0.6851009179515178,False
378,378,-500.0,500,0.6844158170335664,False
379,379,-500.0,500,0.6837314012165328,False
380,380,-500.0,500,0.6830476698153162,False
381,381,-500.0,500,0.6823646221455009,False
382,382,542.0,459,0.6816822575233553,True
383,383,-500.0,500,0.6810005752658319,False
384,384,-500.0,500,0.680319574690566,False
385,385,-500.0,500,0.6796392551158754,False
386,386,-500.0,500,0.6789596158607596,False
387,387,-500.0,500,0.6782806562448989,False
388,388,-500.0,500,0.677602375588654,False
389,389,-500.0,500,0.6769247732130653,False
390,390,-500.0,500,0.6762478484398523,False
391,391,-500.0,500,0.6755716005914124,False
392,392,-500.0,500,0.674896028990821,False
393,393,-500.0,500,0.6742211329618302,False
394,394,-500.0,500,0.6735469118288684,False
395,395,-500.0,500,0.6728733649170395,False
396,396,-500.0,500,0.6722004915521225,False
397,397,-500.0,500,0.6715282910605703,False
398,398,-500.0,500,0.6708567627695098,False
399,399,-500.0,500,0.6701859060067403,False
400,400,-500.0,500,0.6695157201007336,False
401,401,567.0,434,0.6688462043806328,True
402,402,-500.0,500,0.6681773581762521,False
403,403,613.0,388,0.6675091808180759,True
404,404,-500.0,500,0.6668416716372578,False
405,405,-500.0,500,0.6661748299656206,False
406,406,-500.0,500,0.6655086551356549,False
407,407,-500.0,500,0.6648431464805192,False
408,408,-500.0,500,0.6641783033340387,False
409,409,-500.0,500,0.6635141250307047,False
410,410,-500.0,500,0.662850610905674,False
411,411,759.0,242,0.6621877602947683,True
412,412,-500.0,500,0.6615255725344735,False
413,413,-500.0,500,0.660864046961939,False
414,414,-500.0,500,0.660203182914977,False
415,415,-500.0,500,0.6595429797320621,False
416,416,665.0,336,0.6588834367523301,True
417,417,-500.0,500,0.6582245533155777,False
418,418,-500.0,500,0.6575663287622622,False
419,419,-500.0,500,0.6569087624334999,False
420,420,-500.0,500,0.6562518536710664,False
421,421,609.0,392,0.6555956018173954,True
422,422,580.0,421,0.654940006215578,True
423,423,523.0,478,0.6542850662093624,True
424,424,629.0,372,0.6536307811431531,True
425,425,672.0,329,0.65297715036201,True
426,426,-500.0,500,0.6523241732116479,False
427,427,668.0,333,0.6516718490384363,True
428,428,-500.0,500,0.6510201771893979,False
429,429,550.0,451,0.6503691570122084,True
430,430,-500.0,500,0.6497187878551962,False
431,431,-500.0,500,0.649069069067341,False
432,432,-500.0,500,0.6484199999982736,False
433,433,-500.0,500,0.6477715799982753,False
434,434,-500.0,500,0.647123808418277,False
435,435,-500.0,500,0.6464766846098587,False
436,436,-500.0,500,0.6458302079252489,False
437,437,-500.0,500,0.6451843777173236,False
438,438,-500.0,500,0.6445391933396063,False
439,439,-500.0,500,0.6438946541462667,False
440,440,530.0,471,0.6432507594921204,True
441,441,-500.0,500,0.6426075087326283,False
442,442,-500.0,500,0.6419649012238956,False
443,443,-500.0,500,0.6413229363226717,False
444,444,-500.0,500,0.640681613386349,False
445,445,-500.0,500,0.6400409317729626,False
446,446,-500.0,500,0.6394008908411897,False
447,447,-500.0,500,0.6387614899503485,False
448,448,-500.0,500,0.6381227284603982,False
449,449,-500.0,500,0.6374846057319378,False
450,450,-500.0,500,0.6368471211262058,False
451,451,-500.0,500,0.6362102740050796,False
452,452,-500.0,500,0.6355740637310745,False
453,453,-500.0,500,0.6349384896673435,False
454,454,-500.0,500,0.6343035511776761,False
455,455,515.0,486,0.6336692476264985,True
456,456,-500.0,500,0.6330355783788719,False
457,457,-500.0,500,0.632402542800493,False
458,458,-500.0,500,0.6317701402576925,False
459,459,-500.0,500,0.6311383701174348,False
460,460,-500.0,500,0.6305072317473174,False
461,461,-500.0,500,0.6298767245155701,False
462,462,-500.0,500,0.6292468477910546,False
463,463,-500.0,500,0.6286176009432635,False
464,464,-500.0,500,0.6279889833423202,False
465,465,587.0,414,0.6273609943589779,True
466,466,561.0,440,0.6267336333646188,True
467,467,-500.0,500,0.6261068997312542,False
468,468,651.0,350,0.6254807928315229,True
469,469,-500.0,500,0.6248553120386914,False
470,470,-500.0,500,0.6242304567266527,False
471,471,-500.0,500,0.623606226269926,False
472,472,-500.0,500,0.6229826200436561,False
473,473,-500.0,500,0.6223596374236124,False
474,474,-500.0,500,0.6217372777861888,False
475,475,526.0,475,0.6211155405084027,True
476,476,712.0,289,0.6204944249678943,True
477,477,-500.0,500,0.6198739305429264,False
478,478,-500.0,500,0.6192540566123834,False
479,479,-500.0,500,0.6186348025557711,False
480,480,-500.0,500,0.6180161677532153,False
481,481,-500.0,500,0.6173981515854621,False
482,482,-500.0,500,0.6167807534338766,False
483,483,-500.0,500,0.6161639726804428,False
484,484,-500.0,500,0.6155478087077623,False
485,485,-500.0,500,0.6149322608990545,False
486,486,-500.0,500,0.6143173286381555,False
487,487,544.0,457,0.6137030113095173,True
488,488,707.0,294,0.6130893082982078,True
489,489,592.0,409,0.6124762189899097,True
490,490,-500.0,500,0.6118637427709198,False
491,491,-500.0,500,0.6112518790281489,False
492,492,-500.0,500,0.6106406271491208,False
493,493,614.0,387,0.6100299865219717,True
494,494,-500.0,500,0.6094199565354498,False
495,495,-500.0,500,0.6088105365789144,False
496,496,-500.0,500,0.6082017260423355,False
497,497,-500.0,500,0.6075935243162931,False
498,498,584.0,417,0.6069859307919768,True
499,499,626.0,375,0.6063789448611848,True
500,500,-500.0,500,0.6057725659163237,False
501,501,-500.0,500,0.6051667933504074,False
502,502,-500.0,500,0.6045616265570569,False
503,503,-500.0,500,0.6039570649304998,False
504,504,798.0,203,0.6033531078655693,True
505,505,-500.0,500,0.6027497547577038,False
506,506,-500.0,500,0.602147005002946,False
507,507,-500.0,500,0.6015448579979431,False
508,508,-500.0,500,0.6009433131399452,False
509,509,-500.0,500,0.6003423698268052,False
510,510,-500.0,500,0.5997420274569785,False
511,511,-500.0,500,0.5991422854295215,False
512,512,-500.0,500,0.598543143144092,False
513,513,-500.0,500,0.5979446000009478,False
514,514,-500.0,500,0.5973466554009469,False
515,515,-500.0,500,0.596749308745546,False
516,516,-500.0,500,0.5961525594368005,False
517,517,-500.0,500,0.5955564068773637,False
518,518,-500.0,500,0.5949608504704863,False
519,519,-500.0,500,0.5943658896200158,False
520,520,-500.0,500,0.5937715237303958,False
521,521,-500.0,500,0.5931777522066654,False
522,522,751.0,250,0.5925845744544587,True
523,523,-500.0,500,0.5919919898800042,False
524,524,-500.0,500,0.5913999978901242,False
525,525,-500.0,500,0.590808597892234,False
526,526,-500.0,500,0.5902177892943418,False
527,527,554.0,447,0.5896275715050474,True
528,528,793.0,208,0.5890379439335424,True
529,529,-500.0,500,0.5884489059896089,False
530,530,563.0,438,0.5878604570836192,True
531,531,-500.0,500,0.5872725966265356,False
532,532,-500.0,500,0.5866853240299091,False
533,533,-500.0,500,0.5860986387058792,False
534,534,-500.0,500,0.5855125400671733,False
535,535,-500.0,500,0.5849270275271061,False
536,536,-500.0,500,0.584342100499579,False
537,537,-500.0,500,0.5837577583990794,False
538,538,-500.0,500,0.5831740006406804,False
539,539,-500.0,500,0.5825908266400397,False
540,540,-500.0,500,0.5820082358133997,False
541,541,-500.0,500,0.5814262275775862,False
542,542,658.0,343,0.5808448013500086,True
543,543,-500.0,500,0.5802639565486586,False
544,544,-500.0,500,0.57968369259211,False
545,545,502.0,499,0.5791040088995179,True
546,546,-500.0,500,0.5785249048906184,False
547,547,-500.0,500,0.5779463799857277,False
548,548,-500.0,500,0.577368433605742,False
549,549,-500.0,500,0.5767910651721362,False
550,550,-500.0,500,0.576214274106964,False
551,551,-500.0,500,0.5756380598328571,False
552,552,-500.0,500,0.5750624217730242,False
553,553,-500.0,500,0.5744873593512512,False
554,554,-500.0,500,0.5739128719918999,False
555,555,-500.0,500,0.573338959119908,False
556,556,-500.0,500,0.572765620160788,False
557,557,-500.0,500,0.5721928545406272,False
558,558,725.0,276,0.5716206616860866,True
559,559,752.0,249,0.5710490410244006,True
560,560,698.0,303,0.5704779919833761,True
561,561,514.0,487,0.5699075139913927,True
562,562,677.0,324,0.5693376064774013,True
563,563,822.0,179,0.5687682688709239,True
564,564,767.0,234,0.5681995006020529,True
565,565,538.0,463,0.5676313011014509,True
566,566,-500.0,500,0.5670636698003494,False
567,567,-500.0,500,0.5664966061305491,False
568,568,-500.0,500,0.5659301095244186,False
569,569,-500.0,500,0.5653641794148941,False
570,570,-500.0,500,0.5647988152354793,False
571,571,525.0,476,0.5642340164202437,True
572,572,738.0,263,0.5636697824038235,True
573,573,659.0,342,0.5631061126214196,True
574,574,592.0,409,0.5625430065087982,True
575,575,-500.0,500,0.5619804635022894,False
576,576,-500.0,500,0.561418483038787,False
577,577,-500.0,500,0.5608570645557482,False
578,578,-500.0,500,0.5602962074911925,False
579,579,-500.0,500,0.5597359112837013,False
580,580,-500.0,500,0.5591761753724176,False
581,581,-500.0,500,0.5586169991970452,False
582,582,-500.0,500,0.5580583821978482,False
583,583,-500.0,500,0.5575003238156504,False
584,584,-500.0,500,0.5569428234918348,False
585,585,-500.0,500,0.5563858806683429,False
586,586,-500.0,500,0.5558294947876746,False
587,587,-500.0,500,0.5552736652928869,False
588,588,-500.0,500,0.5547183916275941,False
589,589,675.0,326,0.5541636732359665,True
590,590,569.0,432,0.5536095095627305,True
591,591,680.0,321,0.5530559000531677,True
592,592,-500.0,500,0.5525028441531146,False
593,593,-500.0,500,0.5519503413089615,False
594,594,-500.0,500,0.5513983909676525,False
595,595,-500.0,500,0.5508469925766849,False
596,596,-500.0,500,0.5502961455841082,False
597,597,-500.0,500,0.5497458494385241,False
598,598,-500.0,500,0.5491961035890855,False
599,599,-500.0,500,0.5486469074854965,False
600,600,-500.0,500,0.548098260578011,False
601,601,-500.0,500,0.547550162317433,False
602,602,-500.0,500,0.5470026121551156,False
603,603,768.0,233,0.5464556095429605,True
604,604,-500.0,500,0.5459091539334175,False
605,605,-500.0,500,0.5453632447794842,False
606,606,-500.0,500,0.5448178815347047,False
607,607,-500.0,500,0.54427306365317,False
608,608,521.0,480,0.5437287905895168,True
609,609,-500.0,500,0.5431850617989273,False
610,610,613.0,388,0.5426418767371284,True
611,611,526.0,475,0.5420992348603912,True
612,612,557.0,444,0.5415571356255309,True
613,613,-500.0,500,0.5410155784899053,False
614,614,652.0,349,0.5404745629114154,True
615,615,658.0,343,0.539934088348504,True
616,616,-500.0,500,0.5393941542601555,False
617,617,-500.0,500,0.5388547601058953,False
618,618,-500.0,500,0.5383159053457894,False
619,619,-500.0,500,0.5377775894404436,False
620,620,-500.0,500,0.5372398118510032,False
621,621,746.0,255,0.5367025720391522,True
622,622,-500.0,500,0.536165869467113,False
623,623,-500.0,500,0.5356297035976458,False
624,624,-500.0,500,0.5350940738940482,False
625,625,513.0,488,0.5345589798201541,True
626,626,-500.0,500,0.534024420840334,False
627,627,762.0,239,0.5334903964194936,True
628,628,-500.0,500,0.5329569060230741,False
629,629,695.0,306,0.532423949117051,True
630,630,537.0,464,0.531891525167934,True
631,631,674.0,327,0.5313596336427661,True
632,632,802.0,199,0.5308282740091232,True
633,633,760.0,241,0.5302974457351142,True
634,634,-500.0,500,0.5297671482893791,False
635,635,-500.0,500,0.5292373811410898,False
636,636,-500.0,500,0.5287081437599487,False
637,637,633.0,368,0.5281794356161887,True
638,638,-500.0,500,0.5276512561805725,False
639,639,-500.0,500,0.5271236049243919,False
640,640,508.0,493,0.5265964813194676,True
641,641,727.0,274,0.5260698848381481,True
642,642,683.0,318,0.5255438149533099,True
643,643,-500.0,500,0.5250182711383566,False
644,644,-500.0,500,0.5244932528672183,False
645,645,-500.0,500,0.5239687596143511,False
646,646,505.0,496,0.5234447908547367,True
647,647,631.0,370,0.522921346063882,True
648,648,786.0,215,0.522398424717818,True
649,649,827.0,174,0.5218760262931003,True
650,650,718.0,283,0.5213541502668072,True
651,651,505.0,496,0.5208327961165404,True
652,652,660.0,341,0.5203119633204238,True
653,653,613.0,388,0.5197916513571034,True
654,654,-500.0,500,0.5192718597057463,False
655,655,-500.0,500,0.5187525878460405,False
656,656,-500.0,500,0.5182338352581944,False
657,657,502.0,499,0.5177156014229363,True
658,658,-500.0,500,0.5171978858215134,False
659,659,684.0,317,0.5166806879356919,True
660,660,698.0,303,0.5161640072477562,True
661,661,701.0,300,0.5156478432405085,True
662,662,709.0,292,0.515132195397268,True
663,663,685.0,316,0.5146170632018707,True
664,664,713.0,288,0.5141024461386688,True
665,665,528.0,473,0.5135883436925301,True
666,666,-500.0,500,0.5130747553488376,False
667,667,-500.0,500,0.5125616805934888,False
668,668,-500.0,500,0.5120491189128954,False
669,669,-500.0,500,0.5115370697939825,False
670,670,-500.0,500,0.5110255327241885,False
671,671,586.0,415,0.5105145071914643,True
672,672,805.0,196,0.5100039926842729,True
673,673,802.0,199,0.5094939886915886,True
674,674,810.0,191,0.508984494702897,True
675,675,783.0,218,0.508475510208194,True
676,676,748.0,253,0.5079670346979859,True
677,677,-500.0,500,0.5074590676632879,False
678,678,509.0,492,0.5069516085956246,True
679,679,641.0,360,0.506444656987029,True
680,680,774.0,227,0.505938212330042,True
681,681,748.0,253,0.505432274117712,True
682,682,775.0,226,0.5049268418435943,True
683,683,810.0,191,0.5044219150017507,True
684,684,-500.0,500,0.5039174930867489,False
685,685,514.0,487,0.5034135755936622,True
686,686,-500.0,500,0.5029101620180685,False
687,687,621.0,380,0.5024072518560504,True
688,688,674.0,327,0.5019048446041944,True
689,689,549.0,452,0.5014029397595902,True
690,690,-500.0,500,0.5009015368198305,False
691,691,673.0,328,0.5004006352830107,True
692,692,789.0,212,0.4999002346477277,True
693,693,645.0,356,0.49940033441307996,True
694,694,-500.0,500,0.49890093407866687,False
695,695,-500.0,500,0.4984020331445882,False
696,696,-500.0,500,0.4979036311114436,False
697,697,731.0,270,0.4974057274803321,True
698,698,-500.0,500,0.49690832175285177,False
699,699,-500.0,500,0.4964114134310989,False
700,700,-500.0,500,0.4959150020176678,False
701,701,659.0,342,0.49541908701565013,True
702,702,610.0,391,0.49492366792863446,True
703,703,675.0,326,0.4944287442607058,True
704,704,-500.0,500,0.4939343155164451,False
705,705,672.0,329,0.4934403812009287,True
706,706,-500.0,500,0.4929469408197278,False
707,707,-500.0,500,0.49245399387890804,False
708,708,-500.0,500,0.4919615398850291,False
709,709,-500.0,500,0.4914695783451441,False
710,710,-500.0,500,0.4909781087667989,False
711,711,-500.0,500,0.4904871306580321,False
712,712,559.0,442,0.4899966435273741,True
713,713,-500.0,500,0.4895066468838467,False
714,714,-500.0,500,0.48901714023696286,False
715,715,549.0,452,0.4885281230967259,True
716,716,693.0,308,0.48803959497362914,True
717,717,-500.0,500,0.4875515553786555,False
718,718,-500.0,500,0.48706400382327686,False
719,719,542.0,459,0.4865769398194536,True
720,720,-500.0,500,0.48609036287963414,False
721,721,529.0,472,0.48560427251675453,True
722,722,562.0,439,0.48511866824423777,True
723,723,620.0,381,0.4846335495759935,True
724,724,-500.0,500,0.4841489160264175,False
725,725,-500.0,500,0.4836647671103911,False
726,726,-500.0,500,0.4831811023432807,False
727,727,686.0,315,0.4826979212409374,True
728,728,720.0,281,0.48221522331969646,True
729,729,742.0,259,0.48173300809637676,True
730,730,833.0,168,0.48125127508828036,True
731,731,706.0,295,0.48077002381319206,True
732,732,678.0,323,0.48028925378937887,True
733,733,697.0,304,0.47980896453558947,True
734,734,739.0,262,0.4793291555710539,True
735,735,619.0,382,0.47884982641548285,True
736,736,623.0,378,0.47837097658906735,True
737,737,-500.0,500,0.47789260561247826,False
738,738,628.0,373,0.4774147130068658,True
739,739,-500.0,500,0.4769372982938589,False
740,740,639.0,362,0.47646036099556505,True
741,741,607.0,394,0.47598390063456947,True
742,742,632.0,369,0.4755079167339349,True
743,743,544.0,457,0.47503240881720094,True
744,744,573.0,428,0.47455737640838375,True
745,745,-500.0,500,0.47408281903197536,False
746,746,-500.0,500,0.47360873621294336,False
747,747,542.0,459,0.4731351274767304,True
748,748,-500.0,500,0.4726619923492537,False
749,749,-500.0,500,0.47218933035690447,False
750,750,-500.0,500,0.47171714102654755,False
751,751,519.0,482,0.471245423885521,True
752,752,-500.0,500,0.47077417846163544,False
753,753,-500.0,500,0.4703034042831738,False
754,754,-500.0,500,0.46983310087889063,False
755,755,539.0,462,0.46936326777801174,True
756,756,810.0,191,0.4688939045102337,True
757,757,733.0,268,0.4684250106057235,True
758,758,549.0,452,0.46795658559511777,True
759,759,-500.0,500,0.46748862900952265,False
760,760,692.0,309,0.4670211403805131,True
761,761,726.0,275,0.4665541192401326,True
762,762,726.0,275,0.4660875651208925,True
763,763,561.0,440,0.4656214775557716,True
764,764,-500.0,500,0.46515585607821586,False
765,765,705.0,296,0.46469070022213765,True
766,766,705.0,296,0.4642260095219155,True
767,767,-500.0,500,0.4637617835123936,False
768,768,-500.0,500,0.46329802172888124,False
769,769,-500.0,500,0.46283472370715234,False
770,770,-500.0,500,0.46237188898344517,False
771,771,-500.0,500,0.4619095170944617,False
772,772,-500.0,500,0.46144760757736725,False
773,773,-500.0,500,0.46098615996978987,False
774,774,607.0,394,0.46052517380982005,True
775,775,635.0,366,0.4600646486360102,True
776,776,-500.0,500,0.4596045839873742,False
777,777,549.0,452,0.45914497940338683,True
778,778,739.0,262,0.4586858344239834,True
779,779,717.0,284,0.45822714858955943,True
780,780,-500.0,500,0.45776892144096987,False
781,781,-500.0,500,0.4573111525195289,False
782,782,-500.0,500,0.4568538413670094,False
783,783,578.0,423,0.4563969875256424,True
784,784,733.0,268,0.45594059053811675,True
785,785,611.0,390,0.45548464994757865,True
786,786,-500.0,500,0.45502916529763104,False
787,787,641.0,360,0.45457413613233344,True
788,788,522.0,479,0.4541195619962011,True
789,789,801.0,200,0.4536654424342049,True
790,790,817.0,184,0.45321177699177073,True
791,791,801.0,200,0.452758565214779,True
792,792,753.0,248,0.4523058066495642,True
793,793,650.0,351,0.45185350084291465,True
794,794,759.0,242,0.4514016473420717,True
795,795,-500.0,500,0.45095024569472963,False
796,796,-500.0,500,0.4504992954490349,False
797,797,-500.0,500,0.45004879615358584,False
798,798,-500.0,500,0.44959874735743227,False
799,799,672.0,329,0.4491491486100748,True
800,800,690.0,311,0.44869999946146477,True
801,801,659.0,342,0.4482512994620033,True
802,802,618.0,383,0.4478030481625413,True
803,803,662.0,339,0.44735524511437874,True
804,804,719.0,282,0.4469078898692644,True
805,805,-500.0,500,0.4464609819793951,False
806,806,-500.0,500,0.44601452099741573,False
807,807,-500.0,500,0.4455685064764183,False
808,808,-500.0,500,0.4451229379699419,False
809,809,725.0,276,0.44467781503197196,True
810,810,-500.0,500,0.44423313721693997,False
811,811,-500.0,500,0.44378890407972305,False
812,812,589.0,412,0.44334511517564335,True
813,813,-500.0,500,0.4429017700604677,False
814,814,-500.0,500,0.44245886829040726,False
815,815,503.0,498,0.44201640942211684,True
816,816,727.0,274,0.44157439301269474,True
817,817,654.0,347,0.44113281861968207,True
818,818,-500.0,500,0.4406916858010624,False
819,819,602.0,399,0.4402509941152613,True
820,820,753.0,248,0.43981074312114604,True
821,821,-500.0,500,0.4393709323780249,False
822,822,-500.0,500,0.4389315614456469,False
823,823,-500.0,500,0.43849262988420123,False
824,824,722.0,279,0.438054137254317,True
825,825,535.0,466,0.4376160831170627,True
826,826,713.0,288,0.43717846703394564,True
827,827,788.0,213,0.4367412885669117,True
828,828,-500.0,500,0.4363045472783448,False
829,829,-500.0,500,0.43586824273106645,False
830,830,514.0,487,0.4354323744883354,True
831,831,-500.0,500,0.43499694211384704,False
832,832,596.0,405,0.4345619451717332,True
833,833,-500.0,500,0.43412738322656147,False
834,834,-500.0,500,0.4336932558433349,False
835,835,-500.0,500,0.43325956258749154,False
836,836,613.0,388,0.43282630302490405,True
837,837,809.0,192,0.43239347672187917,True
838,838,689.0,312,0.4319610832451573,True
839,839,785.0,216,0.43152912216191214,True
840,840,690.0,311,0.4310975930397502,True
841,841,546.0,455,0.43066649544671043,True
842,842,-500.0,500,0.4302358289512637,False
843,843,-500.0,500,0.4298055931223125,False
844,844,-500.0,500,0.42937578752919014,False
845,845,-500.0,500,0.4289464117416609,False
846,846,-500.0,500,0.42851746532991924,False
847,847,-500.0,500,0.42808894786458934,False
848,848,587.0,414,0.42766085891672473,True
849,849,-500.0,500,0.427233198057808,False
850,850,-500.0,500,0.4268059648597502,False
851,851,623.0,378,0.4263791588948904,True
852,852,-500.0,500,0.42595277973599555,False
853,853,-500.0,500,0.42552682695625954,False
854,854,722.0,279,0.4251013001293033,True
855,855,-500.0,500,0.424676198829174,False
856,856,-500.0,500,0.4242515226303448,False
857,857,-500.0,500,0.42382727110771445,False
858,858,-500.0,500,0.4234034438366067,False
859,859,777.0,224,0.4229800403927701,True
860,860,662.0,339,0.42255706035237733,True
861,861,776.0,225,0.42213450329202495,True
862,862,796.0,205,0.4217123687887329,True
863,863,830.0,171,0.4212906564199442,True
864,864,844.0,157,0.42086936576352424,True
865,865,641.0,360,0.4204484963977607,True
866,866,804.0,197,0.42002804790136294,True
867,867,661.0,340,0.4196080198534616,True
868,868,803.0,198,0.4191884118336081,True
869,869,-500.0,500,0.41876922342177453,False
870,870,-500.0,500,0.41835045419835276,False
871,871,-500.0,500,0.4179321037441544,False
872,872,-500.0,500,0.41751417164041027,False
873,873,-500.0,500,0.41709665746876984,False
874,874,547.0,454,0.4166795608113011,True
875,875,753.0,248,0.41626288125048977,True
876,876,818.0,183,0.41584661836923925,True
877,877,737.0,264,0.41543077175087,True
878,878,536.0,465,0.41501534097911913,True
879,879,785.0,216,0.41460032563814003,True
880,880,678.0,323,0.4141857253125019,True
881,881,-500.0,500,0.41377153958718943,False
882,882,-500.0,500,0.4133577680476022,False
883,883,-500.0,500,0.4129444102795546,False
884,884,-500.0,500,0.412531465869275,False
885,885,-500.0,500,0.41211893440340575,False
886,886,-500.0,500,0.41170681546900234,False
887,887,-500.0,500,0.41129510865353336,False
888,888,-500.0,500,0.41088381354487985,False
889,889,-500.0,500,0.410472929731335,False
890,890,683.0,318,0.41006245680160364,True
891,891,663.0,338,0.40965239434480205,True
892,892,639.0,362,0.40924274195045723,True
893,893,709.0,292,0.40883349920850676,True
894,894,697.0,304,0.40842466570929825,True
895,895,-500.0,500,0.40801624104358897,False
896,896,-500.0,500,0.4076082248025454,False
897,897,662.0,339,0.4072006165777428,True
898,898,647.0,354,0.4067934159611651,True
899,899,-500.0,500,0.4063866225452039,False
900,900,703.0,298,0.4059802359226587,True
901,901,516.0,485,0.40557425568673605,True
902,902,807.0,194,0.40516868143104934,True
903,903,589.0,412,0.4047635127496183,True
904,904,760.0,241,0.4043587492368687,True
905,905,-500.0,500,0.4039543904876318,False
906,906,533.0,468,0.4035504360971442,True
907,907,-500.0,500,0.40314688566104706,False
908,908,640.0,361,0.402743738775386,True
909,909,691.0,310,0.4023409950366106,True
910,910,569.0,432,0.401938654041574,True
911,911,-500.0,500,0.4015367153875324,False
912,912,-500.0,500,0.4011351786721449,False
913,913,-500.0,500,0.40073404349347275,False
914,914,571.0,430,0.40033330944997925,True
915,915,-500.0,500,0.39993297614052925,False
916,916,-500.0,500,0.3995330431643887,False
917,917,646.0,355,0.39913351012122433,True
918,918,-500.0,500,0.3987343766111031,False
919,919,561.0,440,0.398335642234492,True
920,920,672.0,329,0.3979373065922575,True
921,921,624.0,377,0.39753936928566525,True
922,922,596.0,405,0.3971418299163796,True
923,923,780.0,221,0.3967446880864632,True
924,924,848.0,153,0.3963479433983767,True
925,925,758.0,243,0.3959515954549783,True
926,926,784.0,217,0.39555564385952335,True
927,927,765.0,236,0.39516008821566384,True
928,928,-500.0,500,0.3947649281274482,False
929,929,-500.0,500,0.3943701631993207,False
930,930,522.0,479,0.3939757930361214,True
931,931,645.0,356,0.3935818172430853,True
932,932,762.0,239,0.3931882354258422,True
933,933,814.0,187,0.39279504719041636,True
934,934,646.0,355,0.39240225214322594,True
935,935,-500.0,500,0.39200984989108273,False
936,936,-500.0,500,0.39161784004119166,False
937,937,761.0,240,0.39122622220115044,True
938,938,714.0,287,0.3908349959789493,True
939,939,846.0,155,0.3904441609829703,True
940,940,792.0,209,0.3900537168219873,True
941,941,720.0,281,0.3896636631051653,True
942,942,872.0,129,0.38927399944206015,True
943,943,837.0,164,0.3888847254426181,True
944,944,815.0,186,0.38849584071717547,True
945,945,799.0,202,0.3881073448764583,True
946,946,715.0,286,0.3877192375315819,True
947,947,785.0,216,0.3873315182940503,True
948,948,826.0,175,0.38694418677575626,True
949,949,568.0,433,0.3865572425889805,True
950,950,548.0,453,0.38617068534639154,True
951,951,-500.0,500,0.38578451466104513,False
952,952,710.0,291,0.3853987301463841,True
953,953,711.0,290,0.3850133314162377,True
954,954,509.0,492,0.3846283180848215,True
955,955,-500.0,500,0.3842436897667367,False
956,956,657.0,344,0.3838594460769699,True
957,957,637.0,364,0.38347558663089293,True
958,958,570.0,431,0.38309211104426205,True
959,959,521.0,480,0.3827090189332178,True
960,960,769.0,232,0.38232630991428457,True
961,961,-500.0,500,0.38194398360437026,False
962,962,-500.0,500,0.3815620396207659,False
963,963,-500.0,500,0.38118047758114515,False
964,964,-500.0,500,0.380799297103564,False
965,965,545.0,456,0.3804184978064605,True
966,966,799.0,202,0.380038079308654,True
967,967,855.0,146,0.3796580412293454,True
968,968,792.0,209,0.379278383188116,True
969,969,654.0,347,0.3788991048049279,True
970,970,891.0,110,0.37852020570012296,True
971,971,850.0,151,0.37814168549442284,True
972,972,850.0,151,0.3777635438089284,True
973,973,727.0,274,0.3773857802651195,True
974,974,742.0,259,0.37700839448485435,True
975,975,843.0,158,0.3766313860903695,True
976,976,873.0,128,0.37625475470427916,True
977,977,872.0,129,0.3758784999495749,True
978,978,811.0,190,0.3755026214496253,True
979,979,621.0,380,0.3751271188281757,True
980,980,677.0,324,0.3747519917093475,True
981,981,670.0,331,0.37437723971763814,True
982,982,726.0,275,0.37400286247792053,True
983,983,503.0,498,0.3736288596154426,True
984,984,-500.0,500,0.37325523075582717,False
985,985,-500.0,500,0.37288197552507135,False
986,986,-500.0,500,0.37250909354954626,False
987,987,-500.0,500,0.37213658445599673,False
988,988,-500.0,500,0.3717644478715407,False
989,989,-500.0,500,0.3713926834236692,False
990,990,580.0,421,0.37102129074024554,True
991,991,757.0,244,0.3706502694495053,True
992,992,646.0,355,0.3702796191800558,True
993,993,557.0,444,0.36990933956087574,True
994,994,-500.0,500,0.36953943022131486,False
995,995,-500.0,500,0.3691698907910935,False
996,996,616.0,385,0.3688007209003024,True
997,997,-500.0,500,0.36843192017940213,False
998,998,-500.0,500,0.36806348825922275,False
999,999,525.0,476,0.3676954247709635,True
