Num episodes,Cumulative rewards
10,"[-991.0, -992.0, -991.0, -993.0, -986.0, -993.0, -992.0, -990.0, -986.0, -992.0]"
20,"[-991.0, -986.0, -987.0, -991.0, -992.0, -991.0, -993.0, -992.0, -991.0, -992.0]"
30,"[-990.0, -992.0, -992.0, -990.0, -991.0, -990.0, -984.0, -990.0, -990.0, -992.0]"
40,"[-991.0, -986.0, -988.0, -990.0, -983.0, -991.0, -990.0, -985.0, -989.0, -992.0]"
50,"[-991.0, -990.0, -988.0, -991.0, -992.0, -991.0, -991.0, -982.0, -990.0, -989.0]"
60,"[-992.0, -991.0, -988.0, -991.0, -991.0, -990.0, -991.0, -992.0, -984.0, -992.0]"
70,"[-987.0, -987.0, -987.0, -991.0, -991.0, -990.0, -991.0, -989.0, -990.0, -986.0]"
80,"[-990.0, -992.0, -991.0, -989.0, -990.0, -989.0, -992.0, -992.0, -988.0, -989.0]"
90,"[-992.0, -985.0, -993.0, -993.0, -988.0, -989.0, -988.0, -988.0, -991.0, -991.0]"
100,"[-991.0, -990.0, -991.0, -986.0, -988.0, -992.0, -984.0, -989.0, -991.0, -989.0]"
110,"[-991.0, -992.0, -992.0, -991.0, -989.0, -988.0, -989.0, -990.0, -990.0, -992.0]"
120,"[-992.0, -991.0, -989.0, -991.0, -992.0, -992.0, -991.0, -993.0, -991.0, -988.0]"
130,"[-989.0, -992.0, -989.0, -985.0, -990.0, -991.0, -992.0, -990.0, -987.0, -991.0]"
140,"[-992.0, -988.0, -992.0, -986.0, -984.0, -989.0, -991.0, -983.0, -992.0, -990.0]"
150,"[-991.0, -988.0, -992.0, -986.0, -992.0, -988.0, -991.0, -989.0, -990.0, -991.0]"
160,"[-988.0, -990.0, -991.0, -993.0, -993.0, -991.0, -990.0, -991.0, -991.0, -989.0]"
170,"[-991.0, -992.0, -993.0, -989.0, -991.0, -992.0, -990.0, -993.0, -992.0, -987.0]"
180,"[-991.0, -991.0, -991.0, -992.0, -991.0, -993.0, -992.0, -992.0, -986.0, -988.0]"
190,"[-988.0, -991.0, -987.0, -988.0, -992.0, -992.0, -991.0, -991.0, -991.0, -993.0]"
200,"[-989.0, -992.0, -992.0, -991.0, -988.0, -991.0, -991.0, -992.0, -991.0, -989.0]"
210,"[-991.0, -988.0, -991.0, -989.0, -989.0, -989.0, -988.0, -991.0, -989.0, -990.0]"
220,"[-990.0, -986.0, -989.0, -992.0, -991.0, -991.0, -989.0, -989.0, -989.0, -986.0]"
230,"[-989.0, -992.0, -984.0, -992.0, -991.0, -991.0, -988.0, -991.0, -991.0, -991.0]"
240,"[-987.0, -989.0, -991.0, -991.0, -991.0, -991.0, -989.0, -991.0, -990.0, -988.0]"
250,"[-987.0, -991.0, -986.0, -989.0, -989.0, -990.0, -991.0, -991.0, -989.0, -989.0]"
260,"[-976.0, -992.0, -990.0, -992.0, -991.0, -990.0, -987.0, -989.0, -985.0, -989.0]"
270,"[-987.0, -991.0, -991.0, -993.0, -984.0, -992.0, -989.0, -987.0, -989.0, -992.0]"
280,"[-989.0, -992.0, -981.0, -985.0, -984.0, -992.0, -990.0, -993.0, -992.0, -989.0]"
290,"[-989.0, -991.0, -992.0, -991.0, -984.0, -991.0, -992.0, -992.0, -980.0, -988.0]"
300,"[-993.0, -984.0, -992.0, -992.0, -991.0, -991.0, -975.0, -989.0, -991.0, -990.0]"
310,"[-988.0, -993.0, -989.0, -990.0, -989.0, -989.0, -983.0, -993.0, -993.0, -991.0]"
320,"[-991.0, -989.0, -991.0, -987.0, -991.0, -987.0, -993.0, -991.0, -992.0, -988.0]"
330,"[-992.0, -992.0, -991.0, -991.0, -989.0, -991.0, -986.0, -987.0, -984.0, -990.0]"
340,"[-990.0, -989.0, -992.0, -989.0, -987.0, -988.0, -990.0, -992.0, -991.0, -989.0]"
350,"[-982.0, -985.0, -992.0, -986.0, -992.0, -992.0, -991.0, -990.0, -991.0, -988.0]"
360,"[-984.0, -993.0, -985.0, -990.0, -992.0, -988.0, -989.0, -992.0, -991.0, -987.0]"
370,"[-990.0, -988.0, -991.0, -992.0, -986.0, -983.0, -989.0, -992.0, -990.0, -991.0]"
380,"[-990.0, -990.0, -992.0, -991.0, -992.0, -987.0, -993.0, -991.0, -993.0, -992.0]"
390,"[-988.0, -992.0, -987.0, -991.0, -992.0, -992.0, -991.0, -992.0, -992.0, -987.0]"
400,"[-991.0, -992.0, -989.0, -984.0, -992.0, -992.0, -989.0, -984.0, -992.0, -991.0]"
410,"[-991.0, -992.0, -989.0, -992.0, -991.0, -991.0, -991.0, -984.0, -992.0, -992.0]"
420,"[-989.0, -992.0, -989.0, -991.0, -992.0, -992.0, -991.0, -978.0, -984.0, -988.0]"
430,"[-990.0, -992.0, -985.0, -992.0, -991.0, -990.0, -991.0, -984.0, -987.0, -991.0]"
440,"[-988.0, -992.0, -988.0, -993.0, -990.0, -992.0, -990.0, -992.0, -992.0, -992.0]"
450,"[-992.0, -992.0, -973.0, -993.0, -992.0, -988.0, -988.0, -986.0, -992.0, -989.0]"
460,"[-987.0, -983.0, -991.0, -986.0, -989.0, -988.0, -992.0, -991.0, -991.0, -991.0]"
470,"[-989.0, -993.0, -991.0, -993.0, -987.0, -987.0, -991.0, -985.0, -986.0, -993.0]"
480,"[-988.0, -992.0, -992.0, -988.0, -986.0, -992.0, -992.0, -989.0, -985.0, -986.0]"
490,"[-990.0, -986.0, -988.0, -989.0, -990.0, -987.0, -990.0, -989.0, -989.0, -990.0]"
500,"[-992.0, -990.0, -993.0, -987.0, -990.0, -988.0, -991.0, -987.0, -991.0, -990.0]"
510,"[-992.0, -993.0, -975.0, -978.0, -989.0, -991.0, -989.0, -984.0, -991.0, -979.0]"
520,"[-988.0, -993.0, -992.0, -992.0, -987.0, -992.0, -990.0, -993.0, -988.0, -993.0]"
530,"[-992.0, -984.0, -991.0, -977.0, -988.0, -993.0, -992.0, -991.0, -992.0, -991.0]"
540,"[-983.0, -989.0, -991.0, -973.0, -992.0, -988.0, -987.0, -992.0, -981.0, -984.0]"
550,"[-988.0, -989.0, -992.0, -986.0, -992.0, -992.0, -990.0, -991.0, -986.0, -992.0]"
560,"[-986.0, -990.0, -989.0, -985.0, -975.0, -984.0, -992.0, -976.0, -993.0, -991.0]"
570,"[-990.0, -985.0, -991.0, -991.0, -992.0, -977.0, -992.0, -989.0, -989.0, -989.0]"
580,"[-992.0, -992.0, -989.0, -989.0, -991.0, -991.0, -988.0, -991.0, -987.0, -992.0]"
590,"[-992.0, -990.0, -991.0, -983.0, -986.0, -987.0, -989.0, -992.0, -988.0, -984.0]"
600,"[-992.0, -992.0, -991.0, -992.0, -990.0, -983.0, -993.0, -988.0, -991.0, -980.0]"
610,"[-993.0, -990.0, -989.0, -992.0, -988.0, -991.0, -991.0, -987.0, -991.0, -990.0]"
620,"[-992.0, -992.0, -989.0, -990.0, -979.0, -987.0, -992.0, -988.0, -992.0, -993.0]"
630,"[-981.0, -989.0, -989.0, -991.0, -992.0, -991.0, -990.0, -986.0, -991.0, -990.0]"
640,"[-992.0, -991.0, -992.0, -989.0, -990.0, -989.0, -988.0, -989.0, -987.0, -992.0]"
650,"[-989.0, -989.0, -987.0, -990.0, -991.0, -992.0, -983.0, -991.0, -991.0, -988.0]"
660,"[-992.0, -990.0, -992.0, -986.0, -989.0, -988.0, -993.0, -986.0, -982.0, -988.0]"
670,"[-991.0, -992.0, -992.0, -986.0, -989.0, -989.0, -989.0, -985.0, -984.0, -987.0]"
680,"[-974.0, -987.0, -986.0, -984.0, -991.0, -992.0, -984.0, -989.0, -979.0, -993.0]"
690,"[-993.0, -989.0, -983.0, -982.0, -991.0, -978.0, -991.0, -989.0, -986.0, -993.0]"
700,"[-981.0, -992.0, -982.0, -987.0, -991.0, -986.0, -982.0, -990.0, -992.0, -990.0]"
710,"[-983.0, -979.0, -985.0, -993.0, -989.0, -989.0, -991.0, -992.0, -992.0, -983.0]"
720,"[-991.0, -981.0, -991.0, -988.0, -986.0, -989.0, -992.0, -991.0, -987.0, -992.0]"
730,"[-987.0, -986.0, -983.0, -969.0, -991.0, -991.0, -991.0, -991.0, -993.0, -988.0]"
740,"[-990.0, -979.0, -993.0, -982.0, -993.0, -992.0, -981.0, -989.0, -985.0, -989.0]"
750,"[-989.0, -991.0, -983.0, -984.0, -984.0, -991.0, -992.0, -992.0, -986.0, -985.0]"
760,"[-988.0, -985.0, -989.0, -992.0, -989.0, -991.0, -992.0, -991.0, -986.0, -987.0]"
770,"[-984.0, -990.0, -988.0, -991.0, -993.0, -993.0, -992.0, -991.0, -987.0, -992.0]"
780,"[-985.0, -983.0, -987.0, -989.0, -989.0, -987.0, -987.0, -987.0, -992.0, -988.0]"
790,"[-989.0, -987.0, -987.0, -992.0, -991.0, -986.0, -984.0, -990.0, -979.0, -989.0]"
800,"[-986.0, -980.0, -992.0, -986.0, -989.0, -984.0, -989.0, -986.0, -990.0, -988.0]"
810,"[-991.0, -989.0, -991.0, -990.0, -991.0, -991.0, -992.0, -992.0, -993.0, -989.0]"
820,"[-992.0, -970.0, -989.0, -989.0, -987.0, -988.0, -966.0, -992.0, -989.0, -992.0]"
830,"[-986.0, -990.0, -986.0, -989.0, -990.0, -992.0, -990.0, -993.0, -992.0, -985.0]"
840,"[-991.0, -984.0, -988.0, -982.0, -989.0, -977.0, -992.0, -976.0, -984.0, -990.0]"
850,"[-988.0, -987.0, -986.0, -991.0, -992.0, -989.0, -993.0, -987.0, -982.0, -990.0]"
860,"[-980.0, -988.0, -986.0, -983.0, -986.0, -990.0, -989.0, -988.0, -992.0, -989.0]"
870,"[-986.0, -989.0, -991.0, -992.0, -991.0, -991.0, -985.0, -979.0, -992.0, -989.0]"
880,"[-981.0, -990.0, -989.0, -990.0, -992.0, -990.0, -992.0, -990.0, -993.0, -992.0]"
890,"[-986.0, -987.0, -974.0, -989.0, -983.0, -992.0, -992.0, -989.0, -991.0, -992.0]"
900,"[-985.0, -987.0, -993.0, -992.0, -989.0, -986.0, -989.0, -987.0, -991.0, -991.0]"
910,"[-990.0, -992.0, -986.0, -991.0, -989.0, -976.0, -975.0, -989.0, -988.0, -991.0]"
920,"[-984.0, -983.0, -991.0, -992.0, -988.0, -986.0, -993.0, -986.0, -984.0, -983.0]"
930,"[-990.0, -990.0, -986.0, -992.0, -982.0, -984.0, -989.0, -991.0, -983.0, -989.0]"
940,"[-981.0, -985.0, -978.0, -988.0, -987.0, -989.0, -990.0, -992.0, -990.0, -991.0]"
950,"[-990.0, -982.0, -985.0, -988.0, -990.0, -980.0, -991.0, -989.0, -992.0, -988.0]"
960,"[-988.0, -980.0, -984.0, -979.0, -987.0, -991.0, -988.0, -990.0, -990.0, -985.0]"
970,"[-990.0, -983.0, -990.0, -985.0, -986.0, -981.0, -982.0, -989.0, -985.0, -993.0]"
980,"[-987.0, -989.0, -991.0, -983.0, -988.0, -985.0, -974.0, -987.0, -968.0, -990.0]"
990,"[-990.0, -986.0, -991.0, -991.0, -992.0, -989.0, -979.0, -992.0, -987.0, -992.0]"
1000,"[-974.0, -978.0, -986.0, -992.0, -987.0, -989.0, -978.0, -992.0, -982.0, -990.0]"
1010,"[-987.0, -991.0, -989.0, -989.0, -983.0, -988.0, -983.0, -985.0, -987.0, -990.0]"
1020,"[-989.0, -991.0, -988.0, -987.0, -988.0, -988.0, -980.0, -990.0, -984.0, -992.0]"
1030,"[-989.0, -991.0, -988.0, -987.0, -987.0, -989.0, -991.0, -989.0, -992.0, -990.0]"
1040,"[-991.0, -989.0, -986.0, -986.0, -990.0, -992.0, -993.0, -989.0, -985.0, -989.0]"
1050,"[-990.0, -988.0, -992.0, -989.0, -978.0, -986.0, -992.0, -991.0, -989.0, -954.0]"
1060,"[-988.0, -986.0, -987.0, -992.0, -992.0, -991.0, -992.0, -990.0, -987.0, -991.0]"
1070,"[-991.0, -986.0, -991.0, -991.0, -989.0, -976.0, -987.0, -980.0, -989.0, -976.0]"
1080,"[-991.0, -986.0, -990.0, -988.0, -989.0, -990.0, -985.0, -989.0, -992.0, -992.0]"
1090,"[-992.0, -989.0, -989.0, -989.0, -991.0, -982.0, -989.0, -981.0, -989.0, -991.0]"
1100,"[-992.0, -992.0, -985.0, -987.0, -989.0, -992.0, -992.0, -993.0, -990.0, -989.0]"
1110,"[-990.0, -993.0, -991.0, -986.0, -993.0, -980.0, -981.0, -983.0, -987.0, -993.0]"
1120,"[-980.0, -991.0, -989.0, -993.0, -973.0, -988.0, -988.0, -987.0, -992.0, -993.0]"
1130,"[-990.0, -987.0, -986.0, -987.0, -991.0, -992.0, -992.0, -989.0, -989.0, -992.0]"
1140,"[-990.0, -991.0, -989.0, -989.0, -991.0, -990.0, -986.0, -990.0, -989.0, -963.0]"
1150,"[-985.0, -992.0, -992.0, -989.0, -987.0, -986.0, -987.0, -991.0, -988.0, -988.0]"
1160,"[-990.0, -992.0, -986.0, -978.0, -979.0, -982.0, -978.0, -979.0, -982.0, -981.0]"
1170,"[-984.0, -981.0, -992.0, -983.0, -987.0, -989.0, -989.0, -991.0, -973.0, -991.0]"
1180,"[-977.0, -992.0, -986.0, -984.0, -987.0, -987.0, -989.0, -991.0, -990.0, -989.0]"
1190,"[-989.0, -991.0, -990.0, -988.0, -992.0, -987.0, -985.0, -986.0, -991.0, -993.0]"
1200,"[-992.0, -978.0, -991.0, -990.0, -984.0, -992.0, -989.0, -986.0, -976.0, -991.0]"
1210,"[-988.0, -988.0, -983.0, -992.0, -992.0, -992.0, -988.0, -992.0, -992.0, -992.0]"
1220,"[-992.0, -976.0, -992.0, -990.0, -992.0, -973.0, -986.0, -990.0, -993.0, -988.0]"
1230,"[-983.0, -985.0, -991.0, -993.0, -987.0, -988.0, -991.0, -988.0, -992.0, -987.0]"
1240,"[-984.0, -975.0, -981.0, -986.0, -989.0, -984.0, -987.0, -989.0, -988.0, -991.0]"
1250,"[-989.0, -988.0, -988.0, -992.0, -985.0, -990.0, -988.0, -990.0, -979.0, -988.0]"
1260,"[-979.0, -989.0, -992.0, -985.0, -993.0, -985.0, -990.0, -983.0, -983.0, -985.0]"
1270,"[-988.0, -990.0, -992.0, -987.0, -987.0, -990.0, -987.0, -992.0, -974.0, -988.0]"
1280,"[-973.0, -990.0, -982.0, -976.0, -976.0, -993.0, -990.0, -985.0, -986.0, -981.0]"
1290,"[-990.0, -977.0, -984.0, -992.0, -990.0, -980.0, -991.0, -983.0, -991.0, -992.0]"
1300,"[-993.0, -982.0, -985.0, -990.0, -980.0, -985.0, -991.0, -986.0, -989.0, -991.0]"
1310,"[-986.0, -982.0, -992.0, -982.0, -979.0, -980.0, -984.0, -980.0, -985.0, -985.0]"
1320,"[-983.0, -992.0, -985.0, -982.0, -991.0, -985.0, -990.0, -989.0, -984.0, -988.0]"
1330,"[-991.0, -989.0, -991.0, -989.0, -973.0, -987.0, -990.0, -989.0, -979.0, -987.0]"
1340,"[-978.0, -984.0, -980.0, -981.0, -985.0, -972.0, -992.0, -989.0, -992.0, -990.0]"
1350,"[-989.0, -992.0, -991.0, -991.0, -989.0, -987.0, -976.0, -990.0, -987.0, -985.0]"
1360,"[-976.0, -988.0, -989.0, -993.0, -987.0, -989.0, -988.0, -993.0, -991.0, -986.0]"
1370,"[-989.0, -991.0, -987.0, -991.0, -988.0, -989.0, -991.0, -992.0, -982.0, -989.0]"
1380,"[-991.0, -982.0, -992.0, -985.0, -992.0, -989.0, -984.0, -985.0, -981.0, -987.0]"
1390,"[-991.0, -991.0, -987.0, -986.0, -985.0, -992.0, -989.0, -985.0, -989.0, -976.0]"
1400,"[-968.0, -993.0, -975.0, -988.0, -984.0, -987.0, -974.0, -985.0, -974.0, -989.0]"
1410,"[-989.0, -992.0, -992.0, -990.0, -991.0, -992.0, -992.0, -993.0, -991.0, -986.0]"
1420,"[-991.0, -989.0, -991.0, -989.0, -984.0, -985.0, -989.0, -985.0, -987.0, -991.0]"
1430,"[-983.0, -991.0, -984.0, -985.0, -991.0, -986.0, -978.0, -979.0, -989.0, -983.0]"
1440,"[-989.0, -989.0, -992.0, -982.0, -992.0, -989.0, -990.0, -985.0, -982.0, -991.0]"
1450,"[-991.0, -990.0, -989.0, -992.0, -991.0, -987.0, -984.0, -982.0, -991.0, -990.0]"
1460,"[-989.0, -992.0, -990.0, -990.0, -990.0, -991.0, -977.0, -990.0, -992.0, -986.0]"
1470,"[-993.0, -984.0, -987.0, -985.0, -991.0, -989.0, -986.0, -991.0, -988.0, -990.0]"
1480,"[-991.0, -989.0, -992.0, -981.0, -990.0, -987.0, -987.0, -985.0, -980.0, -991.0]"
1490,"[-983.0, -985.0, -989.0, -992.0, -982.0, -984.0, -977.0, -990.0, -988.0, -992.0]"
1500,"[-991.0, -987.0, -988.0, -989.0, -984.0, -980.0, -986.0, -992.0, -992.0, -972.0]"
1510,"[-987.0, -990.0, -991.0, -986.0, -981.0, -973.0, -987.0, -992.0, -992.0, -992.0]"
1520,"[-991.0, -989.0, -989.0, -979.0, -986.0, -989.0, -975.0, -986.0, -986.0, -987.0]"
1530,"[-989.0, -991.0, -987.0, -980.0, -985.0, -980.0, -987.0, -991.0, -987.0, -984.0]"
1540,"[-980.0, -990.0, -992.0, -988.0, -991.0, -990.0, -990.0, -992.0, -993.0, -986.0]"
1550,"[-987.0, -982.0, -974.0, -983.0, -982.0, -985.0, -971.0, -984.0, -982.0, -989.0]"
1560,"[-991.0, -985.0, -982.0, -984.0, -991.0, -985.0, -987.0, -989.0, -991.0, -992.0]"
1570,"[-990.0, -988.0, -983.0, -991.0, -984.0, -987.0, -993.0, -983.0, -991.0, -989.0]"
1580,"[-977.0, -987.0, -980.0, -985.0, -991.0, -989.0, -992.0, -986.0, 50.0, -992.0]"
1590,"[-993.0, -989.0, -991.0, -978.0, -987.0, -992.0, -991.0, -991.0, -991.0, -980.0]"
1600,"[-992.0, -976.0, -992.0, -986.0, -989.0, -991.0, -992.0, -986.0, -985.0, -991.0]"
1610,"[-980.0, -991.0, -992.0, -992.0, -992.0, -990.0, -992.0, -988.0, -992.0, -991.0]"
1620,"[-991.0, -987.0, -991.0, -990.0, -977.0, -985.0, -992.0, -984.0, -992.0, -992.0]"
1630,"[-988.0, -989.0, -983.0, -981.0, -985.0, -992.0, -987.0, -989.0, -993.0, -989.0]"
1640,"[-987.0, -987.0, -991.0, -989.0, -980.0, -974.0, -987.0, -988.0, -982.0, -986.0]"
1650,"[-988.0, -981.0, -989.0, -974.0, -986.0, -986.0, -987.0, -984.0, -982.0, -992.0]"
1660,"[-980.0, -986.0, -990.0, -991.0, -988.0, -972.0, -990.0, -976.0, -982.0, -972.0]"
1670,"[-982.0, -985.0, -980.0, -987.0, -991.0, -990.0, -986.0, -992.0, -989.0, -980.0]"
1680,"[-989.0, -989.0, -990.0, -988.0, -982.0, -961.0, -977.0, -989.0, -989.0, -969.0]"
1690,"[-983.0, -989.0, -965.0, -991.0, -985.0, -989.0, -989.0, -993.0, -990.0, -985.0]"
1700,"[-989.0, -991.0, -989.0, -991.0, -987.0, -985.0, -983.0, -990.0, -979.0, -977.0]"
1710,"[-991.0, -982.0, -973.0, -984.0, 50.0, -990.0, -990.0, -970.0, -991.0, -963.0]"
1720,"[-985.0, -981.0, -987.0, -985.0, -987.0, -980.0, -989.0, -976.0, -972.0, -988.0]"
1730,"[-987.0, -990.0, -992.0, -990.0, -980.0, -987.0, -975.0, -982.0, -989.0, -992.0]"
1740,"[-989.0, -990.0, -989.0, -991.0, -992.0, -985.0, -988.0, -992.0, -989.0, -988.0]"
1750,"[-976.0, -983.0, -987.0, -992.0, -975.0, -991.0, -989.0, -990.0, -989.0, -989.0]"
1760,"[-989.0, -991.0, -989.0, -990.0, -974.0, -987.0, -987.0, -987.0, -979.0, -985.0]"
1770,"[-992.0, -981.0, -987.0, -989.0, -992.0, -992.0, -980.0, -992.0, -989.0, -982.0]"
1780,"[-991.0, -984.0, -988.0, -987.0, -983.0, -990.0, -975.0, -987.0, -988.0, -978.0]"
1790,"[-992.0, -990.0, -982.0, -992.0, -984.0, -964.0, -984.0, -969.0, -989.0, -985.0]"
1800,"[-976.0, -992.0, -984.0, -992.0, -987.0, -986.0, -980.0, -969.0, -990.0, -978.0]"
1810,"[-991.0, -991.0, -992.0, -991.0, -992.0, -982.0, -980.0, -975.0, -966.0, -977.0]"
1820,"[-986.0, -988.0, -992.0, -990.0, -993.0, -992.0, -991.0, -987.0, -984.0, -984.0]"
1830,"[-989.0, -991.0, -989.0, -988.0, -976.0, -989.0, -988.0, -989.0, -987.0, -992.0]"
1840,"[-989.0, -987.0, -980.0, -979.0, -992.0, -992.0, -990.0, -992.0, -990.0, -977.0]"
1850,"[-989.0, -973.0, -986.0, -992.0, -991.0, -993.0, -987.0, -991.0, -984.0, -981.0]"
1860,"[-991.0, -984.0, -990.0, -969.0, -990.0, -985.0, -983.0, -977.0, -989.0, -987.0]"
1870,"[-975.0, -989.0, -982.0, -979.0, -992.0, -992.0, -973.0, -991.0, -982.0, -980.0]"
1880,"[-982.0, -982.0, -992.0, -982.0, -987.0, -989.0, -993.0, -982.0, -978.0, -978.0]"
1890,"[-972.0, -992.0, -992.0, -986.0, -990.0, -986.0, -986.0, -982.0, -992.0, -985.0]"
1900,"[-975.0, -990.0, -989.0, -981.0, -985.0, -986.0, -981.0, -993.0, -987.0, -962.0]"
1910,"[-980.0, -975.0, -989.0, -991.0, -988.0, -988.0, -986.0, -986.0, -987.0, -987.0]"
1920,"[-991.0, -981.0, -990.0, -986.0, -991.0, -987.0, -992.0, -990.0, -972.0, -983.0]"
1930,"[-978.0, -991.0, -985.0, -990.0, -992.0, -991.0, -981.0, -985.0, -979.0, -992.0]"
1940,"[-993.0, -984.0, -988.0, -988.0, -970.0, -984.0, -988.0, -989.0, -989.0, -991.0]"
1950,"[-967.0, -992.0, -990.0, -986.0, -986.0, -992.0, -989.0, -981.0, -989.0, -992.0]"
1960,"[-992.0, -984.0, -983.0, -986.0, -975.0, -986.0, -991.0, -988.0, -992.0, -985.0]"
1970,"[-972.0, -989.0, -987.0, -978.0, -989.0, -980.0, -986.0, -990.0, -965.0, -981.0]"
1980,"[-988.0, -990.0, -982.0, -993.0, -989.0, -987.0, -970.0, -969.0, -991.0, -963.0]"
1990,"[-986.0, -984.0, -987.0, -980.0, -991.0, -993.0, -989.0, -978.0, -989.0, -992.0]"
2000,"[-990.0, -979.0, -977.0, -990.0, -985.0, -989.0, -989.0, -992.0, -982.0, -969.0]"
2010,"[-982.0, -989.0, -989.0, -993.0, -990.0, -969.0, -976.0, -988.0, -990.0, -991.0]"
2020,"[-987.0, -992.0, -984.0, -974.0, -982.0, -984.0, -988.0, -976.0, -989.0, -990.0]"
2030,"[-977.0, -982.0, -988.0, -986.0, -984.0, -990.0, -991.0, -985.0, -992.0, -983.0]"
2040,"[-980.0, -993.0, -992.0, -982.0, -992.0, -993.0, -983.0, -978.0, -983.0, -991.0]"
2050,"[-987.0, -992.0, -991.0, -980.0, -980.0, -988.0, -990.0, -989.0, -987.0, -991.0]"
2060,"[-989.0, -984.0, -989.0, -964.0, -992.0, -989.0, -992.0, -991.0, -987.0, -991.0]"
2070,"[-992.0, -992.0, -985.0, -987.0, -990.0, -987.0, -987.0, -988.0, -987.0, -991.0]"
2080,"[-993.0, -981.0, -991.0, -989.0, -977.0, -989.0, -989.0, -980.0, -986.0, -972.0]"
2090,"[-983.0, -970.0, -988.0, -989.0, -988.0, -979.0, -983.0, -983.0, -973.0, -989.0]"
2100,"[-987.0, -978.0, -991.0, -991.0, -991.0, -978.0, -993.0, -977.0, -976.0, -986.0]"
2110,"[-989.0, -980.0, -988.0, -991.0, -964.0, -987.0, -974.0, -989.0, -987.0, -989.0]"
2120,"[-989.0, -956.0, -990.0, -989.0, -984.0, -993.0, -988.0, -984.0, -982.0, -983.0]"
2130,"[-966.0, -986.0, -980.0, -966.0, -986.0, -988.0, -985.0, -991.0, -982.0, -980.0]"
2140,"[-981.0, -992.0, -984.0, -990.0, -985.0, -982.0, -974.0, -965.0, -992.0, -985.0]"
2150,"[-983.0, -975.0, -982.0, -990.0, -976.0, -983.0, -971.0, -991.0, -985.0, -987.0]"
2160,"[-980.0, -988.0, -988.0, -987.0, -993.0, -988.0, -989.0, -991.0, -979.0, -983.0]"
2170,"[-991.0, -985.0, -992.0, -968.0, -955.0, -987.0, -976.0, -987.0, -986.0, -965.0]"
2180,"[-988.0, -971.0, -970.0, -964.0, -991.0, -992.0, -975.0, -988.0, -989.0, -986.0]"
2190,"[-984.0, -989.0, -989.0, -986.0, -986.0, -983.0, -992.0, -986.0, -992.0, -990.0]"
2200,"[-992.0, -987.0, -977.0, -987.0, -970.0, -989.0, -991.0, -970.0, -961.0, -990.0]"
2210,"[-976.0, -987.0, -989.0, -991.0, -978.0, -988.0, -988.0, -981.0, -989.0, -990.0]"
2220,"[-989.0, -987.0, -987.0, -992.0, -991.0, -972.0, -978.0, -980.0, -989.0, -987.0]"
2230,"[-986.0, -990.0, -988.0, -988.0, -980.0, -988.0, -985.0, -984.0, -979.0, -976.0]"
2240,"[-989.0, -982.0, -985.0, -982.0, -969.0, -985.0, -984.0, -989.0, -990.0, -989.0]"
2250,"[-990.0, -985.0, -982.0, -984.0, -987.0, -983.0, -987.0, -989.0, -969.0, -986.0]"
2260,"[-991.0, -991.0, -962.0, -984.0, -991.0, -991.0, -962.0, -991.0, -987.0, -988.0]"
2270,"[-978.0, -991.0, -989.0, -974.0, -957.0, -991.0, -987.0, -988.0, -986.0, -977.0]"
2280,"[-991.0, -974.0, -984.0, -987.0, -983.0, -959.0, -991.0, -986.0, -974.0, -992.0]"
2290,"[-991.0, -984.0, -991.0, -980.0, -985.0, -985.0, -983.0, -989.0, -992.0, -980.0]"
2300,"[-990.0, -991.0, -967.0, -969.0, -984.0, -991.0, -989.0, -954.0, -992.0, -976.0]"
2310,"[-992.0, -970.0, -988.0, -986.0, -967.0, -992.0, -987.0, -973.0, -992.0, -989.0]"
2320,"[-978.0, -966.0, -975.0, -976.0, -992.0, -989.0, -977.0, -962.0, -992.0, -993.0]"
2330,"[-989.0, -987.0, -984.0, -982.0, -993.0, -980.0, -981.0, -989.0, -983.0, -985.0]"
2340,"[-986.0, -986.0, -992.0, -989.0, -978.0, -971.0, -989.0, -987.0, -987.0, -988.0]"
2350,"[-993.0, -985.0, -987.0, -959.0, -983.0, -974.0, -983.0, -968.0, -992.0, -988.0]"
2360,"[-984.0, -992.0, -989.0, -982.0, -991.0, -986.0, -979.0, -978.0, -976.0, -991.0]"
2370,"[-980.0, -989.0, -987.0, -983.0, -991.0, -981.0, -985.0, -979.0, -959.0, -987.0]"
2380,"[-991.0, -985.0, -976.0, -990.0, -981.0, -989.0, -987.0, -985.0, -974.0, -979.0]"
2390,"[-984.0, -971.0, -991.0, -988.0, -985.0, -993.0, -987.0, -991.0, -992.0, -992.0]"
2400,"[-993.0, -977.0, -971.0, -990.0, -965.0, -986.0, -985.0, -985.0, -988.0, -977.0]"
2410,"[-990.0, -992.0, -991.0, -990.0, -990.0, -986.0, -973.0, -989.0, -992.0, -992.0]"
2420,"[-980.0, -979.0, -993.0, -985.0, -982.0, -989.0, -988.0, -985.0, -992.0, -987.0]"
2430,"[-975.0, -979.0, -975.0, -963.0, -979.0, -988.0, -986.0, -981.0, -992.0, -990.0]"
2440,"[-988.0, -959.0, -983.0, -990.0, -993.0, -989.0, -987.0, -993.0, -975.0, -985.0]"
2450,"[-986.0, -986.0, -973.0, -987.0, -987.0, -990.0, -987.0, -988.0, -992.0, -989.0]"
2460,"[-974.0, -982.0, -992.0, -982.0, -985.0, -989.0, -977.0, -966.0, -970.0, -982.0]"
2470,"[-982.0, -990.0, -991.0, -972.0, -985.0, -986.0, -989.0, -988.0, -985.0, -981.0]"
2480,"[-992.0, -980.0, -969.0, -986.0, -980.0, -977.0, -989.0, -991.0, -988.0, -989.0]"
2490,"[-957.0, -991.0, -987.0, -989.0, -990.0, 50.0, -985.0, 50.0, -988.0, -991.0]"
2500,"[-981.0, -983.0, -979.0, -991.0, -985.0, -986.0, -989.0, -978.0, -980.0, -987.0]"
2510,"[-976.0, -959.0, -988.0, -992.0, -968.0, -990.0, -971.0, -983.0, -973.0, -981.0]"
2520,"[-979.0, -991.0, -991.0, -984.0, -988.0, -987.0, -978.0, -977.0, -978.0, -986.0]"
2530,"[-985.0, -980.0, -987.0, -989.0, -980.0, -979.0, -989.0, -990.0, -991.0, -990.0]"
2540,"[-989.0, -990.0, -971.0, -985.0, -981.0, -980.0, -978.0, -979.0, -990.0, -975.0]"
2550,"[-977.0, -965.0, -975.0, -977.0, -979.0, -986.0, 50.0, -984.0, -983.0, -965.0]"
2560,"[-990.0, -987.0, -988.0, -987.0, -990.0, -981.0, -983.0, -992.0, -988.0, -992.0]"
2570,"[-991.0, -957.0, -984.0, 50.0, -982.0, -989.0, -992.0, -992.0, -990.0, -979.0]"
2580,"[-982.0, -980.0, -977.0, -967.0, -987.0, -991.0, -989.0, -977.0, -960.0, -991.0]"
2590,"[-985.0, -984.0, -989.0, -979.0, -983.0, -979.0, 50.0, -983.0, -983.0, -983.0]"
2600,"[-980.0, -980.0, -991.0, -980.0, -985.0, -985.0, -980.0, -990.0, -989.0, -978.0]"
2610,"[-980.0, -991.0, -971.0, -990.0, -963.0, -984.0, -974.0, -968.0, -969.0, -988.0]"
2620,"[-962.0, -985.0, -981.0, -976.0, -992.0, -984.0, -987.0, -990.0, -967.0, -959.0]"
2630,"[-986.0, -975.0, -976.0, -991.0, -992.0, -982.0, -993.0, -989.0, -969.0, -968.0]"
2640,"[-985.0, -987.0, -983.0, -986.0, -992.0, -984.0, -975.0, -989.0, -993.0, -969.0]"
2650,"[-983.0, -989.0, -978.0, -988.0, -983.0, -988.0, -981.0, -987.0, -985.0, -991.0]"
2660,"[-992.0, -984.0, -984.0, -983.0, -983.0, -989.0, -985.0, -985.0, -984.0, -975.0]"
2670,"[-988.0, -991.0, -985.0, -977.0, -982.0, -969.0, -990.0, -986.0, -987.0, -986.0]"
2680,"[-990.0, -988.0, -980.0, -993.0, -989.0, -987.0, -985.0, -973.0, -989.0, -993.0]"
2690,"[-981.0, -987.0, -988.0, -992.0, -985.0, -990.0, -990.0, -955.0, -988.0, -987.0]"
2700,"[-988.0, -979.0, -951.0, -977.0, 50.0, 50.0, -990.0, -987.0, -981.0, -976.0]"
2710,"[-983.0, -977.0, -986.0, -984.0, -993.0, 50.0, -976.0, -985.0, -954.0, -992.0]"
2720,"[-982.0, 50.0, -991.0, -987.0, -977.0, -985.0, -976.0, -990.0, -988.0, -978.0]"
2730,"[-985.0, -981.0, -982.0, -990.0, -990.0, -968.0, -985.0, -986.0, -986.0, 50.0]"
2740,"[-977.0, -989.0, -979.0, 50.0, -983.0, -979.0, -970.0, -985.0, -981.0, -977.0]"
2750,"[-979.0, -985.0, -991.0, -965.0, -991.0, -962.0, 50.0, -991.0, -988.0, -986.0]"
2760,"[-984.0, -987.0, 50.0, -991.0, -959.0, -980.0, -986.0, -993.0, -969.0, -982.0]"
2770,"[-975.0, -976.0, -991.0, -989.0, -986.0, -977.0, -968.0, -987.0, -958.0, 50.0]"
2780,"[-982.0, -991.0, 50.0, -991.0, -988.0, -958.0, -990.0, -967.0, -986.0, -985.0]"
2790,"[-985.0, -985.0, -964.0, -992.0, -982.0, -987.0, -985.0, 50.0, -976.0, -973.0]"
2800,"[-991.0, -978.0, -989.0, -966.0, -991.0, -983.0, -981.0, -965.0, -990.0, -989.0]"
2810,"[-989.0, -989.0, -991.0, -991.0, -988.0, -992.0, -987.0, -984.0, -990.0, -992.0]"
2820,"[-981.0, -991.0, -990.0, -975.0, -955.0, -985.0, -985.0, -979.0, -973.0, -969.0]"
2830,"[-992.0, -992.0, -961.0, -987.0, -971.0, -988.0, -991.0, -983.0, -979.0, -973.0]"
2840,"[-978.0, -959.0, -982.0, -979.0, -975.0, -978.0, -980.0, -978.0, 50.0, -973.0]"
2850,"[-965.0, -989.0, -985.0, -973.0, -962.0, -980.0, -990.0, -980.0, -991.0, -956.0]"
2860,"[-973.0, -957.0, -983.0, -990.0, -991.0, -980.0, -979.0, -982.0, -991.0, -987.0]"
2870,"[-986.0, -979.0, -988.0, -984.0, -989.0, -990.0, -981.0, -992.0, -974.0, -992.0]"
2880,"[-970.0, -983.0, -979.0, -972.0, -982.0, -979.0, -983.0, -989.0, -991.0, -988.0]"
2890,"[-983.0, -962.0, -961.0, 50.0, -977.0, -969.0, -973.0, -983.0, -982.0, -991.0]"
2900,"[-974.0, -985.0, -980.0, -976.0, -982.0, -990.0, -979.0, -985.0, -991.0, -961.0]"
2910,"[-989.0, -983.0, -973.0, -986.0, -973.0, -987.0, -980.0, -990.0, -969.0, -978.0]"
2920,"[-977.0, -981.0, -977.0, -985.0, -983.0, -989.0, -985.0, -989.0, -990.0, -991.0]"
2930,"[-977.0, -979.0, -977.0, -968.0, -991.0, -961.0, -984.0, -962.0, -973.0, -983.0]"
2940,"[-977.0, -983.0, -991.0, -977.0, -985.0, -975.0, -970.0, -976.0, -975.0, -956.0]"
2950,"[-965.0, -981.0, -975.0, -985.0, -975.0, -976.0, -974.0, -989.0, -962.0, -987.0]"
2960,"[-973.0, -973.0, -981.0, -989.0, -982.0, -975.0, -991.0, -951.0, -974.0, -981.0]"
2970,"[-991.0, -978.0, -974.0, -973.0, -991.0, -976.0, -991.0, -971.0, -966.0, -984.0]"
2980,"[-982.0, -977.0, -973.0, -986.0, -976.0, -990.0, -973.0, -970.0, -978.0, -982.0]"
2990,"[-982.0, -990.0, -970.0, -966.0, -975.0, -980.0, -991.0, -991.0, -977.0, -985.0]"
3000,"[-970.0, -976.0, -991.0, -971.0, -992.0, -990.0, -988.0, -991.0, -983.0, -971.0]"
3010,"[-992.0, -991.0, -992.0, -993.0, -988.0, -989.0, -992.0, -988.0, -992.0, -990.0]"
3020,"[-989.0, -970.0, -992.0, -992.0, -969.0, -972.0, -988.0, -987.0, 50.0, -972.0]"
3030,"[-970.0, -991.0, -989.0, -973.0, -980.0, -959.0, -988.0, -992.0, 50.0, 50.0]"
3040,"[-990.0, -991.0, -951.0, -993.0, -984.0, -977.0, -962.0, -963.0, -983.0, -980.0]"
3050,"[-985.0, -955.0, -973.0, -991.0, -971.0, -984.0, -977.0, -987.0, -989.0, -960.0]"
3060,"[-992.0, 50.0, -975.0, -983.0, -986.0, -983.0, 50.0, -991.0, -961.0, -969.0]"
3070,"[-966.0, -976.0, -981.0, -979.0, -960.0, -976.0, -969.0, -978.0, -980.0, -991.0]"
3080,"[-977.0, -965.0, -979.0, -992.0, -971.0, -975.0, -959.0, -980.0, -972.0, -985.0]"
3090,"[-988.0, -992.0, -983.0, -991.0, -990.0, -974.0, -984.0, -973.0, -985.0, -970.0]"
3100,"[-993.0, -984.0, -979.0, -981.0, -979.0, -985.0, -985.0, -979.0, -965.0, 50.0]"
3110,"[-984.0, -974.0, -973.0, -985.0, -974.0, -978.0, -969.0, -983.0, -974.0, -989.0]"
3120,"[-977.0, -966.0, -971.0, -980.0, -982.0, -988.0, -987.0, -958.0, -992.0, -967.0]"
3130,"[-981.0, -984.0, -982.0, -974.0, -991.0, -984.0, -981.0, -981.0, -984.0, -989.0]"
3140,"[-988.0, -979.0, -978.0, -975.0, -979.0, -966.0, -980.0, -986.0, -977.0, -993.0]"
3150,"[-963.0, -977.0, -982.0, -974.0, -989.0, -972.0, -973.0, -964.0, -986.0, -981.0]"
3160,"[-973.0, -964.0, -970.0, -973.0, -967.0, -983.0, -984.0, -990.0, -973.0, -989.0]"
3170,"[-951.0, -979.0, -985.0, -984.0, -981.0, -977.0, -987.0, -991.0, -987.0, -972.0]"
3180,"[-991.0, -969.0, -977.0, -989.0, -991.0, -968.0, -973.0, -973.0, -981.0, -981.0]"
3190,"[-973.0, -981.0, -980.0, -977.0, -989.0, -980.0, -972.0, -962.0, -968.0, -980.0]"
3200,"[-981.0, -978.0, -984.0, -974.0, -969.0, -977.0, -970.0, -986.0, -963.0, -991.0]"
3210,"[-980.0, -989.0, -965.0, -976.0, -963.0, -961.0, -964.0, -968.0, -977.0, -987.0]"
3220,"[-981.0, -991.0, -991.0, -981.0, -977.0, -991.0, -970.0, -991.0, -987.0, -986.0]"
3230,"[-992.0, -969.0, -957.0, -952.0, -960.0, -974.0, -988.0, -972.0, -983.0, -979.0]"
3240,"[-986.0, -988.0, -985.0, -975.0, -973.0, -986.0, -987.0, -987.0, -987.0, -972.0]"
3250,"[-978.0, -990.0, -982.0, -986.0, -981.0, -989.0, -970.0, -970.0, -980.0, 50.0]"
3260,"[-984.0, -969.0, -975.0, -962.0, -971.0, -987.0, -990.0, -975.0, -991.0, -965.0]"
3270,"[-976.0, -959.0, -970.0, -990.0, -990.0, -992.0, -980.0, -982.0, -988.0, -988.0]"
3280,"[-991.0, -976.0, -992.0, 50.0, -986.0, 50.0, -973.0, -969.0, -965.0, -980.0]"
3290,"[-983.0, -975.0, 50.0, -980.0, -961.0, -974.0, -986.0, -989.0, -967.0, -952.0]"
3300,"[-980.0, -991.0, -985.0, 50.0, -976.0, -977.0, -974.0, -970.0, -979.0, -971.0]"
3310,"[-985.0, -992.0, 50.0, -988.0, -972.0, -991.0, -985.0, -988.0, -968.0, -956.0]"
3320,"[-988.0, -977.0, -986.0, -968.0, -968.0, -980.0, 50.0, -964.0, -990.0, -973.0]"
3330,"[-985.0, -957.0, 50.0, -967.0, 50.0, -991.0, 50.0, -971.0, -983.0, -969.0]"
3340,"[-990.0, -972.0, -980.0, -987.0, 50.0, -964.0, -985.0, -959.0, -990.0, -986.0]"
3350,"[-956.0, -955.0, -977.0, 50.0, -987.0, -984.0, -968.0, -976.0, -978.0, 50.0]"
3360,"[-990.0, 50.0, -962.0, -951.0, -960.0, -990.0, -963.0, -969.0, -989.0, -958.0]"
3370,"[-973.0, 50.0, -967.0, -980.0, 50.0, -952.0, 50.0, -986.0, -992.0, 50.0]"
3380,"[-966.0, -974.0, -988.0, -992.0, -990.0, -985.0, -985.0, 50.0, -988.0, 50.0]"
3390,"[50.0, -984.0, -991.0, -991.0, -966.0, -986.0, -965.0, -990.0, -992.0, -978.0]"
3400,"[-969.0, -982.0, 50.0, -976.0, -990.0, -985.0, -982.0, -979.0, -991.0, -986.0]"
3410,"[-986.0, -978.0, -971.0, -968.0, -992.0, -973.0, -953.0, -984.0, -988.0, -989.0]"
3420,"[-970.0, -977.0, -978.0, -977.0, -986.0, -970.0, -967.0, -957.0, -976.0, -977.0]"
3430,"[-991.0, -976.0, -987.0, -990.0, -975.0, -963.0, -981.0, -987.0, 50.0, 50.0]"
3440,"[50.0, -977.0, -983.0, 50.0, -978.0, -979.0, -987.0, -971.0, -988.0, -984.0]"
3450,"[-988.0, -991.0, -979.0, -990.0, 50.0, -977.0, -955.0, -970.0, 50.0, -963.0]"
3460,"[50.0, -952.0, -963.0, -983.0, -980.0, -992.0, 50.0, -993.0, -965.0, 50.0]"
3470,"[-987.0, -966.0, 50.0, -976.0, -964.0, -991.0, -967.0, -992.0, -978.0, -972.0]"
3480,"[-991.0, -967.0, -954.0, -983.0, -990.0, -975.0, -976.0, -979.0, -972.0, -980.0]"
3490,"[-982.0, -964.0, -990.0, -976.0, -973.0, -985.0, -971.0, -986.0, -972.0, 50.0]"
3500,"[-980.0, -990.0, -973.0, 50.0, -964.0, -975.0, -963.0, -993.0, -981.0, -986.0]"
3510,"[-951.0, -992.0, -990.0, -986.0, -970.0, -978.0, -985.0, -992.0, -978.0, -958.0]"
3520,"[-987.0, -969.0, -958.0, -963.0, -974.0, -951.0, -979.0, -970.0, -961.0, -991.0]"
3530,"[-960.0, -990.0, -976.0, -985.0, -975.0, -992.0, -991.0, -971.0, -966.0, -982.0]"
3540,"[-986.0, -991.0, 50.0, -985.0, -987.0, -990.0, -991.0, 50.0, -988.0, 50.0]"
3550,"[50.0, -965.0, 50.0, -978.0, -972.0, -984.0, -957.0, -974.0, -965.0, -975.0]"
3560,"[-972.0, -969.0, -959.0, -987.0, -983.0, -987.0, -982.0, 50.0, -969.0, -987.0]"
3570,"[-979.0, -984.0, -989.0, -964.0, -961.0, -988.0, -981.0, -980.0, -988.0, -989.0]"
3580,"[50.0, -993.0, -972.0, -992.0, -965.0, -985.0, -987.0, -989.0, -976.0, -976.0]"
3590,"[-976.0, -987.0, -984.0, -974.0, -989.0, -978.0, -990.0, 50.0, -985.0, -981.0]"
3600,"[50.0, -985.0, -991.0, -951.0, -980.0, -974.0, -984.0, -986.0, -980.0, -975.0]"
3610,"[-991.0, 50.0, -977.0, -968.0, -979.0, -978.0, -956.0, -953.0, -980.0, -978.0]"
3620,"[50.0, -987.0, 50.0, -988.0, -988.0, -971.0, -980.0, -968.0, -991.0, -985.0]"
3630,"[-980.0, -977.0, -977.0, -986.0, -974.0, -962.0, -989.0, -987.0, -972.0, -977.0]"
3640,"[-980.0, -984.0, -991.0, -988.0, -989.0, -957.0, -964.0, -991.0, -958.0, -979.0]"
3650,"[-983.0, -985.0, -984.0, -987.0, -962.0, -979.0, -982.0, -971.0, 50.0, 50.0]"
3660,"[-961.0, -953.0, -987.0, -976.0, -968.0, -992.0, 50.0, -985.0, -991.0, -973.0]"
3670,"[-967.0, -966.0, -973.0, -980.0, 50.0, -979.0, -988.0, -987.0, -953.0, -975.0]"
3680,"[-991.0, -965.0, -981.0, -979.0, -972.0, -961.0, -972.0, -990.0, -973.0, -986.0]"
3690,"[50.0, -981.0, -981.0, -969.0, -991.0, -985.0, -961.0, -966.0, 50.0, 50.0]"
3700,"[-967.0, -953.0, -983.0, -983.0, -975.0, -981.0, -986.0, -979.0, -973.0, -970.0]"
3710,"[-967.0, 50.0, -968.0, -962.0, -966.0, -955.0, -983.0, -989.0, -955.0, 50.0]"
3720,"[-971.0, -951.0, -961.0, -961.0, -987.0, 50.0, 50.0, -985.0, -971.0, -990.0]"
3730,"[-979.0, -965.0, -971.0, -982.0, -991.0, -989.0, -980.0, 50.0, -989.0, 50.0]"
3740,"[50.0, -981.0, -990.0, -981.0, -979.0, 50.0, 50.0, -962.0, 50.0, -953.0]"
3750,"[-964.0, -984.0, -979.0, -984.0, -983.0, -975.0, 50.0, 50.0, 50.0, -971.0]"
3760,"[-991.0, -975.0, -987.0, 50.0, -971.0, -959.0, -961.0, -977.0, 50.0, -979.0]"
3770,"[-989.0, -982.0, -989.0, -991.0, -978.0, -959.0, -991.0, -977.0, -983.0, -989.0]"
3780,"[-989.0, -972.0, -992.0, -954.0, 50.0, -955.0, -975.0, -992.0, -975.0, -977.0]"
3790,"[-977.0, -991.0, -970.0, 50.0, -960.0, -979.0, -973.0, 50.0, -951.0, -955.0]"
3800,"[-970.0, -979.0, 50.0, -992.0, -982.0, -991.0, -970.0, -963.0, -987.0, -972.0]"
3810,"[-987.0, -977.0, -985.0, -975.0, -986.0, -960.0, -982.0, -991.0, -983.0, -982.0]"
3820,"[-992.0, -963.0, -971.0, -967.0, -978.0, -976.0, -966.0, -980.0, -955.0, -991.0]"
3830,"[-972.0, -971.0, -979.0, -991.0, -960.0, -982.0, -991.0, -990.0, -959.0, -991.0]"
3840,"[-964.0, -986.0, -977.0, -952.0, -958.0, -967.0, 50.0, -968.0, 50.0, -976.0]"
3850,"[-978.0, -991.0, 50.0, -991.0, -991.0, -991.0, -952.0, -987.0, -951.0, -959.0]"
3860,"[-957.0, -974.0, -963.0, -986.0, -991.0, 50.0, -976.0, -970.0, -968.0, -987.0]"
3870,"[-958.0, -975.0, -977.0, -958.0, -977.0, -973.0, -985.0, -970.0, 50.0, -965.0]"
3880,"[-987.0, -953.0, -982.0, 50.0, -981.0, -962.0, 50.0, -958.0, -967.0, -975.0]"
3890,"[-973.0, 50.0, -967.0, -976.0, -965.0, -974.0, -986.0, -983.0, -960.0, -989.0]"
3900,"[50.0, -981.0, -952.0, -985.0, -961.0, -976.0, -975.0, -990.0, -989.0, -961.0]"
3910,"[50.0, 50.0, 50.0, -978.0, -988.0, -975.0, 50.0, 50.0, -979.0, -978.0]"
3920,"[-983.0, 50.0, 50.0, -975.0, -980.0, -988.0, -985.0, -987.0, -966.0, 50.0]"
3930,"[-983.0, -958.0, -966.0, -961.0, 50.0, 50.0, -981.0, 50.0, -986.0, -961.0]"
3940,"[-991.0, 50.0, -964.0, 50.0, -986.0, -988.0, -992.0, 50.0, -991.0, -978.0]"
3950,"[-965.0, -973.0, -990.0, -987.0, 50.0, -973.0, -985.0, -956.0, -975.0, 50.0]"
3960,"[-968.0, -992.0, 50.0, -986.0, 50.0, -979.0, -969.0, -970.0, 50.0, -972.0]"
3970,"[-983.0, -973.0, -964.0, 50.0, -985.0, -965.0, -978.0, -965.0, -987.0, 50.0]"
3980,"[-991.0, -984.0, 50.0, 50.0, -988.0, -963.0, -958.0, -977.0, -972.0, -987.0]"
3990,"[-984.0, -983.0, -983.0, -988.0, 50.0, -978.0, -988.0, -986.0, -986.0, -978.0]"
4000,"[-973.0, -991.0, -982.0, -979.0, -966.0, -984.0, -982.0, -962.0, -981.0, 50.0]"
4010,"[50.0, -984.0, 50.0, 50.0, -989.0, -974.0, -958.0, -954.0, -985.0, -960.0]"
4020,"[-993.0, -970.0, -976.0, -972.0, -973.0, 50.0, -983.0, -981.0, -977.0, -963.0]"
4030,"[-991.0, -977.0, -979.0, -987.0, -971.0, -978.0, 50.0, -952.0, -980.0, -965.0]"
4040,"[50.0, -973.0, -965.0, -971.0, 50.0, 50.0, -982.0, -976.0, -954.0, -963.0]"
4050,"[-979.0, 50.0, -983.0, -969.0, -976.0, -976.0, -992.0, -973.0, -986.0, -983.0]"
4060,"[-984.0, -980.0, -980.0, -972.0, -961.0, -978.0, 50.0, -982.0, -977.0, 50.0]"
4070,"[-987.0, -989.0, 50.0, -980.0, 50.0, -971.0, -983.0, -985.0, 50.0, -983.0]"
4080,"[-969.0, -976.0, 50.0, -978.0, -972.0, -977.0, -985.0, -966.0, -973.0, -968.0]"
4090,"[-978.0, -969.0, -985.0, -967.0, -971.0, -979.0, -964.0, -973.0, -968.0, -982.0]"
4100,"[-968.0, -957.0, -969.0, -967.0, 50.0, -988.0, 50.0, -957.0, 50.0, 50.0]"
4110,"[50.0, 50.0, -977.0, -991.0, -956.0, -963.0, -983.0, -979.0, -982.0, -964.0]"
4120,"[50.0, -961.0, -953.0, -985.0, -978.0, -958.0, -963.0, -958.0, -984.0, -959.0]"
4130,"[-956.0, 50.0, 50.0, 50.0, -987.0, -972.0, -981.0, 50.0, -979.0, -973.0]"
4140,"[-993.0, 50.0, 50.0, -992.0, 50.0, -966.0, 50.0, -980.0, -959.0, 50.0]"
4150,"[-972.0, -985.0, -973.0, -974.0, -982.0, -978.0, -988.0, -989.0, 50.0, -966.0]"
4160,"[-992.0, -974.0, -988.0, -966.0, -974.0, 50.0, -974.0, -965.0, -968.0, -986.0]"
4170,"[-960.0, 50.0, -975.0, -965.0, -965.0, -973.0, 50.0, 50.0, -988.0, -980.0]"
4180,"[50.0, -989.0, -979.0, 50.0, -970.0, 50.0, -975.0, 50.0, -982.0, -986.0]"
4190,"[-980.0, -989.0, -982.0, -977.0, -986.0, -972.0, 50.0, -954.0, -989.0, -991.0]"
4200,"[-974.0, 50.0, -980.0, 50.0, -979.0, -977.0, -953.0, -952.0, -979.0, -993.0]"
4210,"[-975.0, -968.0, -956.0, -972.0, -990.0, -969.0, -970.0, -980.0, 50.0, -979.0]"
4220,"[50.0, -993.0, -982.0, -963.0, 50.0, -985.0, 50.0, -977.0, -969.0, 50.0]"
4230,"[50.0, -977.0, 50.0, 50.0, 50.0, 50.0, 50.0, -984.0, -965.0, 50.0]"
4240,"[-989.0, 50.0, -983.0, -980.0, -984.0, -958.0, -955.0, -968.0, -990.0, 50.0]"
4250,"[-975.0, -986.0, -972.0, 50.0, 50.0, -975.0, 50.0, -992.0, -956.0, 50.0]"
4260,"[-980.0, -976.0, 50.0, 50.0, 50.0, 50.0, 50.0, 50.0, -969.0, -976.0]"
4270,"[-992.0, -987.0, -960.0, -967.0, -989.0, -972.0, 50.0, -954.0, -971.0, -968.0]"
4280,"[-976.0, -952.0, -966.0, -982.0, 50.0, -962.0, -952.0, 50.0, 50.0, 50.0]"
4290,"[-952.0, -961.0, -956.0, -968.0, -953.0, -973.0, 50.0, -958.0, -967.0, 50.0]"
4300,"[-988.0, 50.0, -951.0, -982.0, 50.0, -982.0, 50.0, -976.0, -989.0, -990.0]"
4310,"[50.0, 50.0, -954.0, 50.0, 50.0, -981.0, 50.0, -991.0, 50.0, -981.0]"
4320,"[50.0, -978.0, 50.0, 50.0, -969.0, -956.0, 50.0, 50.0, -973.0, -974.0]"
4330,"[50.0, 50.0, 50.0, -980.0, 50.0, 50.0, -962.0, 50.0, -990.0, -989.0]"
4340,"[50.0, -988.0, -980.0, -962.0, 50.0, 50.0, 50.0, -993.0, 50.0, -968.0]"
4350,"[50.0, 50.0, 50.0, -962.0, 50.0, -966.0, -961.0, 50.0, 50.0, 50.0]"
4360,"[-954.0, 50.0, 50.0, -991.0, 50.0, -972.0, 50.0, 50.0, -988.0, 50.0]"
4370,"[-972.0, 50.0, -954.0, 50.0, -990.0, -981.0, 50.0, 50.0, 50.0, 50.0]"
4380,"[-976.0, 50.0, 50.0, -991.0, -977.0, -966.0, -977.0, -966.0, 50.0, 50.0]"
4390,"[50.0, 50.0, -989.0, -979.0, 50.0, -976.0, 50.0, 50.0, -966.0, -975.0]"
4400,"[50.0, 50.0, -955.0, -952.0, -968.0, 50.0, 50.0, -977.0, 50.0, -971.0]"
4410,"[-960.0, -954.0, -962.0, -972.0, -956.0, -971.0, -964.0, -958.0, -963.0, 50.0]"
4420,"[-989.0, 50.0, 50.0, 50.0, -962.0, -962.0, 50.0, -989.0, 50.0, 50.0]"
4430,"[-963.0, -985.0, -964.0, -957.0, 50.0, -958.0, -973.0, -962.0, -971.0, -962.0]"
4440,"[50.0, -970.0, -979.0, 50.0, -988.0, 50.0, -973.0, 50.0, -988.0, 50.0]"
4450,"[50.0, -965.0, 50.0, 50.0, 50.0, 50.0, -961.0, -984.0, 50.0, -975.0]"
4460,"[50.0, 50.0, 50.0, 50.0, -980.0, -984.0, 50.0, -980.0, -983.0, 50.0]"
4470,"[50.0, -990.0, -972.0, 50.0, -956.0, -986.0, 50.0, -982.0, 50.0, 50.0]"
4480,"[-992.0, -969.0, 50.0, -957.0, -991.0, 50.0, -985.0, 50.0, 50.0, -972.0]"
4490,"[50.0, 50.0, 50.0, -952.0, -961.0, 50.0, -953.0, 50.0, 50.0, 50.0]"
4500,"[-975.0, 50.0, 50.0, 50.0, -982.0, -963.0, -980.0, 50.0, 50.0, 50.0]"
4510,"[50.0, -976.0, 50.0, 50.0, 50.0, 50.0, 50.0, 50.0, 50.0, 50.0]"
4520,"[50.0, 50.0, 50.0, 50.0, 50.0, 50.0, 50.0, -982.0, 50.0, 50.0]"
4530,"[-964.0, 50.0, 50.0, 50.0, 50.0, 50.0, -977.0, -984.0, -978.0, -980.0]"
4540,"[-961.0, 50.0, 50.0, -982.0, 50.0, 50.0, 50.0, 50.0, -980.0, -980.0]"
4550,"[50.0, -989.0, -982.0, -969.0, 50.0, 50.0, -977.0, -967.0, -956.0, -978.0]"
4560,"[-993.0, 50.0, 50.0, 50.0, 50.0, 50.0, 50.0, -967.0, -963.0, -973.0]"
4570,"[-988.0, 50.0, 50.0, 50.0, -980.0, 50.0, -972.0, -970.0, 50.0, -981.0]"
4580,"[50.0, 50.0, 50.0, 50.0, 50.0, -961.0, 50.0, 50.0, 50.0, -989.0]"
4590,"[50.0, 50.0, 50.0, 50.0, -965.0, -992.0, 50.0, 50.0, -972.0, -988.0]"
4600,"[50.0, 50.0, 50.0, 50.0, -983.0, -992.0, -973.0, 50.0, 50.0, 50.0]"
4610,"[-990.0, 50.0, -978.0, -955.0, 50.0, 50.0, 50.0, 50.0, 50.0, 50.0]"
4620,"[-955.0, 50.0, 50.0, 50.0, -982.0, 50.0, -990.0, -963.0, 50.0, 50.0]"
4630,"[50.0, 50.0, 50.0, -982.0, 50.0, -992.0, -971.0, 50.0, -954.0, -991.0]"
4640,"[50.0, -953.0, 50.0, -954.0, 50.0, 50.0, 50.0, 50.0, 50.0, 50.0]"
4650,"[-962.0, 50.0, -974.0, 50.0, 50.0, -974.0, 50.0, -976.0, 50.0, -988.0]"
4660,"[-974.0, 50.0, -961.0, 50.0, -977.0, -952.0, -985.0, 50.0, 50.0, -992.0]"
4670,"[-954.0, -977.0, -967.0, -963.0, -992.0, -971.0, -974.0, -956.0, -955.0, -970.0]"
4680,"[-963.0, -973.0, -965.0, 50.0, -977.0, -980.0, 50.0, 50.0, -976.0, -965.0]"
4690,"[50.0, -974.0, -983.0, 50.0, -983.0, -988.0, -952.0, -965.0, -955.0, -967.0]"
4700,"[50.0, -983.0, 50.0, 50.0, -976.0, 50.0, -982.0, 50.0, -982.0, -982.0]"
4710,"[50.0, -951.0, 50.0, 50.0, 50.0, -976.0, 50.0, 50.0, 50.0, -962.0]"
4720,"[50.0, 50.0, 50.0, -991.0, -979.0, 50.0, -979.0, -951.0, 50.0, 50.0]"
4730,"[-975.0, -985.0, -985.0, -991.0, 50.0, -958.0, 50.0, 50.0, 50.0, 50.0]"
4740,"[50.0, -951.0, 50.0, -988.0, 50.0, -982.0, -962.0, 50.0, 50.0, -965.0]"
4750,"[50.0, 50.0, -980.0, -980.0, -981.0, 50.0, 50.0, -956.0, 50.0, -981.0]"
4760,"[-979.0, 50.0, 50.0, -974.0, 50.0, 50.0, -985.0, -956.0, 50.0, 50.0]"
4770,"[50.0, -972.0, 50.0, -988.0, 50.0, 50.0, 50.0, 50.0, 50.0, 50.0]"
4780,"[-951.0, -977.0, 50.0, 50.0, -965.0, -974.0, -985.0, 50.0, 50.0, -957.0]"
4790,"[50.0, 50.0, -989.0, -965.0, -980.0, 50.0, -983.0, -984.0, 50.0, 50.0]"
4800,"[50.0, -976.0, -982.0, 50.0, -986.0, 50.0, 50.0, -952.0, -962.0, -958.0]"
4810,"[50.0, 50.0, -975.0, -964.0, 50.0, 50.0, -959.0, -992.0, -959.0, -962.0]"
4820,"[-988.0, -979.0, -971.0, -985.0, -989.0, -985.0, -982.0, -992.0, -982.0, -987.0]"
4830,"[50.0, 50.0, -960.0, 50.0, -954.0, -961.0, 50.0, 50.0, 50.0, 50.0]"
4840,"[-985.0, 50.0, -963.0, -986.0, 50.0, 50.0, 50.0, 50.0, 50.0, 50.0]"
4850,"[-975.0, -970.0, -952.0, 50.0, -991.0, -990.0, -985.0, -954.0, -965.0, -967.0]"
4860,"[50.0, -958.0, 50.0, 50.0, 50.0, 50.0, -986.0, -986.0, 50.0, -961.0]"
4870,"[50.0, 50.0, 50.0, 50.0, 50.0, 50.0, 50.0, -977.0, 50.0, 50.0]"
4880,"[50.0, 50.0, 50.0, 50.0, -990.0, -986.0, -974.0, -991.0, 50.0, 50.0]"
4890,"[-975.0, 50.0, 50.0, -965.0, 50.0, 50.0, 50.0, 50.0, -970.0, -958.0]"
4900,"[50.0, -964.0, 50.0, -957.0, -958.0, 50.0, 50.0, -990.0, 50.0, 50.0]"
4910,"[50.0, -952.0, -984.0, 50.0, 50.0, 50.0, 50.0, 50.0, -967.0, -978.0]"
4920,"[-959.0, 50.0, -951.0, -973.0, -953.0, 50.0, 50.0, 50.0, 50.0, 50.0]"
4930,"[-957.0, 50.0, 50.0, -981.0, -966.0, -962.0, -967.0, 50.0, 50.0, 50.0]"
4940,"[50.0, 50.0, -981.0, -958.0, 50.0, 50.0, -976.0, -957.0, 50.0, 50.0]"
4950,"[50.0, 50.0, -954.0, 50.0, 50.0, 50.0, 50.0, 50.0, -974.0, 50.0]"
4960,"[-992.0, 50.0, 50.0, 50.0, -956.0, -977.0, 50.0, 50.0, 50.0, 50.0]"
4970,"[-969.0, 50.0, 50.0, 50.0, 50.0, -964.0, -972.0, 50.0, -991.0, 50.0]"
4980,"[-971.0, 50.0, 50.0, 50.0, 50.0, -962.0, -974.0, 50.0, 50.0, 50.0]"
4990,"[50.0, 50.0, -965.0, 50.0, 50.0, -972.0, 50.0, -975.0, 50.0, 50.0]"
5000,"[50.0, -954.0, -957.0, -958.0, 50.0, 50.0, -981.0, 50.0, -952.0, -978.0]"
